STATION,NAME,year,month,day,DAPR,DASF,MDPR,MDSF,PRCP,SN02,SN32,SNOW,SNWD,SX02,SX32,TMAX,TMIN,TOBS,WT01,WT03,WT04,WT05,WT06,WT07,WT08,WT09,WT11,WT14,WT16,WT18
NA,"ATLANTA HARTSFIELD JACKSON INTERNATIONAL AIRPORT, GA US",1930,01,01,NA,NA,NA,NA,NA,NA,NA,NA,NA,NA,NA,64,45,NA,NA,NA,NA,NA,NA,NA,NA,NA,NA,NA,NA,NA
NA,"ATLANTA HARTSFIELD JACKSON INTERNATIONAL AIRPORT, GA US",1930,01,02,NA,NA,NA,NA,NA,NA,NA,NA,NA,NA,NA,67,49,NA,NA,NA,NA,NA,NA,NA,NA,NA,NA,NA,NA,NA
NA,"ATLANTA HARTSFIELD JACKSON INTERNATIONAL AIRPORT, GA US",1930,01,03,NA,NA,NA,NA,NA,NA,NA,NA,NA,NA,NA,54,31,NA,NA,NA,NA,NA,NA,NA,NA,NA,NA,NA,NA,NA
NA,"ATLANTA HARTSFIELD JACKSON INTERNATIONAL AIRPORT, GA US",1930,01,04,NA,NA,NA,NA,NA,NA,NA,NA,NA,NA,NA,49,27,NA,NA,NA,NA,NA,NA,NA,NA,NA,NA,NA,NA,NA
NA,"ATLANTA HARTSFIELD JACKSON INTERNATIONAL AIRPORT, GA US",1930,01,05,NA,NA,NA,NA,NA,NA,NA,NA,NA,NA,NA,49,33,NA,NA,NA,NA,NA,NA,NA,NA,NA,NA,NA,NA,NA
NA,"ATLANTA HARTSFIELD JACKSON INTERNATIONAL AIRPORT, GA US",1930,01,06,NA,NA,NA,NA,NA,NA,NA,NA,NA,NA,NA,57,41,NA,NA,NA,NA,NA,NA,NA,NA,NA,NA,NA,NA,NA
NA,"ATLANTA HARTSFIELD JACKSON INTERNATIONAL AIRPORT, GA US",1930,01,07,NA,NA,NA,NA,NA,NA,NA,NA,NA,NA,NA,63,47,NA,NA,NA,NA,NA,NA,NA,NA,NA,NA,NA,NA,NA
NA,"ATLANTA HARTSFIELD JACKSON INTERNATIONAL AIRPORT, GA US",1930,01,08,NA,NA,NA,NA,NA,NA,NA,NA,NA,NA,NA,64,53,NA,NA,NA,NA,NA,NA,NA,NA,NA,NA,NA,NA,NA
NA,"ATLANTA HARTSFIELD JACKSON INTERNATIONAL AIRPORT, GA US",1930,01,09,NA,NA,NA,NA,NA,NA,NA,NA,NA,NA,NA,71,52,NA,NA,NA,NA,NA,NA,NA,NA,NA,NA,NA,NA,NA
NA,"ATLANTA HARTSFIELD JACKSON INTERNATIONAL AIRPORT, GA US",1930,01,10,NA,NA,NA,NA,NA,NA,NA,NA,NA,NA,NA,65,46,NA,NA,NA,NA,NA,NA,NA,NA,NA,NA,NA,NA,NA
NA,"ATLANTA HARTSFIELD JACKSON INTERNATIONAL AIRPORT, GA US",1930,01,11,NA,NA,NA,NA,NA,NA,NA,NA,NA,NA,NA,58,43,NA,NA,NA,NA,NA,NA,NA,NA,NA,NA,NA,NA,NA
NA,"ATLANTA HARTSFIELD JACKSON INTERNATIONAL AIRPORT, GA US",1930,01,12,NA,NA,NA,NA,NA,NA,NA,NA,NA,NA,NA,53,40,NA,NA,NA,NA,NA,NA,NA,NA,NA,NA,NA,NA,NA
NA,"ATLANTA HARTSFIELD JACKSON INTERNATIONAL AIRPORT, GA US",1930,01,13,NA,NA,NA,NA,NA,NA,NA,NA,NA,NA,NA,57,49,NA,NA,NA,NA,NA,NA,NA,NA,NA,NA,NA,NA,NA
NA,"ATLANTA HARTSFIELD JACKSON INTERNATIONAL AIRPORT, GA US",1930,01,14,NA,NA,NA,NA,NA,NA,NA,NA,NA,NA,NA,66,53,NA,NA,NA,NA,NA,NA,NA,NA,NA,NA,NA,NA,NA
NA,"ATLANTA HARTSFIELD JACKSON INTERNATIONAL AIRPORT, GA US",1930,01,15,NA,NA,NA,NA,NA,NA,NA,NA,NA,NA,NA,60,40,NA,NA,NA,NA,NA,NA,NA,NA,NA,NA,NA,NA,NA
NA,"ATLANTA HARTSFIELD JACKSON INTERNATIONAL AIRPORT, GA US",1930,01,16,NA,NA,NA,NA,NA,NA,NA,NA,NA,NA,NA,40,24,NA,NA,NA,NA,NA,NA,NA,NA,NA,NA,NA,NA,NA
NA,"ATLANTA HARTSFIELD JACKSON INTERNATIONAL AIRPORT, GA US",1930,01,17,NA,NA,NA,NA,NA,NA,NA,NA,NA,NA,NA,37,23,NA,NA,NA,NA,NA,NA,NA,NA,NA,NA,NA,NA,NA
NA,"ATLANTA HARTSFIELD JACKSON INTERNATIONAL AIRPORT, GA US",1930,01,18,NA,NA,NA,NA,NA,NA,NA,NA,NA,NA,NA,35,19,NA,NA,NA,NA,NA,NA,NA,NA,NA,NA,NA,NA,NA
NA,"ATLANTA HARTSFIELD JACKSON INTERNATIONAL AIRPORT, GA US",1930,01,19,NA,NA,NA,NA,NA,NA,NA,NA,NA,NA,NA,39,15,NA,NA,NA,NA,NA,NA,NA,NA,NA,NA,NA,NA,NA
NA,"ATLANTA HARTSFIELD JACKSON INTERNATIONAL AIRPORT, GA US",1930,01,20,NA,NA,NA,NA,NA,NA,NA,NA,NA,NA,NA,48,29,NA,NA,NA,NA,NA,NA,NA,NA,NA,NA,NA,NA,NA
NA,"ATLANTA HARTSFIELD JACKSON INTERNATIONAL AIRPORT, GA US",1930,01,21,NA,NA,NA,NA,NA,NA,NA,NA,NA,NA,NA,43,36,NA,NA,NA,NA,NA,NA,NA,NA,NA,NA,NA,NA,NA
NA,"ATLANTA HARTSFIELD JACKSON INTERNATIONAL AIRPORT, GA US",1930,01,22,NA,NA,NA,NA,NA,NA,NA,NA,NA,NA,NA,43,26,NA,NA,NA,NA,NA,NA,NA,NA,NA,NA,NA,NA,NA
NA,"ATLANTA HARTSFIELD JACKSON INTERNATIONAL AIRPORT, GA US",1930,01,23,NA,NA,NA,NA,NA,NA,NA,NA,NA,NA,NA,32,18,NA,NA,NA,NA,NA,NA,NA,NA,NA,NA,NA,NA,NA
NA,"ATLANTA HARTSFIELD JACKSON INTERNATIONAL AIRPORT, GA US",1930,01,24,NA,NA,NA,NA,NA,NA,NA,NA,NA,NA,NA,41,18,NA,NA,NA,NA,NA,NA,NA,NA,NA,NA,NA,NA,NA
NA,"ATLANTA HARTSFIELD JACKSON INTERNATIONAL AIRPORT, GA US",1930,01,25,NA,NA,NA,NA,NA,NA,NA,NA,NA,NA,NA,42,26,NA,NA,NA,NA,NA,NA,NA,NA,NA,NA,NA,NA,NA
NA,"ATLANTA HARTSFIELD JACKSON INTERNATIONAL AIRPORT, GA US",1930,01,26,NA,NA,NA,NA,NA,NA,NA,NA,NA,NA,NA,54,31,NA,NA,NA,NA,NA,NA,NA,NA,NA,NA,NA,NA,NA
NA,"ATLANTA HARTSFIELD JACKSON INTERNATIONAL AIRPORT, GA US",1930,01,27,NA,NA,NA,NA,NA,NA,NA,NA,NA,NA,NA,48,42,NA,NA,NA,NA,NA,NA,NA,NA,NA,NA,NA,NA,NA
NA,"ATLANTA HARTSFIELD JACKSON INTERNATIONAL AIRPORT, GA US",1930,01,28,NA,NA,NA,NA,NA,NA,NA,NA,NA,NA,NA,55,43,NA,NA,NA,NA,NA,NA,NA,NA,NA,NA,NA,NA,NA
NA,"ATLANTA HARTSFIELD JACKSON INTERNATIONAL AIRPORT, GA US",1930,01,29,NA,NA,NA,NA,NA,NA,NA,NA,NA,NA,NA,43,27,NA,NA,NA,NA,NA,NA,NA,NA,NA,NA,NA,NA,NA
NA,"ATLANTA HARTSFIELD JACKSON INTERNATIONAL AIRPORT, GA US",1930,01,30,NA,NA,NA,NA,NA,NA,NA,NA,NA,NA,NA,36,24,NA,NA,NA,NA,NA,NA,NA,NA,NA,NA,NA,NA,NA
NA,"ATLANTA HARTSFIELD JACKSON INTERNATIONAL AIRPORT, GA US",1930,01,31,NA,NA,NA,NA,NA,NA,NA,NA,NA,NA,NA,45,26,NA,NA,NA,NA,NA,NA,NA,NA,NA,NA,NA,NA,NA
NA,"ATLANTA HARTSFIELD JACKSON INTERNATIONAL AIRPORT, GA US",1930,02,01,NA,NA,NA,NA,NA,NA,NA,NA,NA,NA,NA,51,36,NA,NA,NA,NA,NA,NA,NA,NA,NA,NA,NA,NA,NA
NA,"ATLANTA HARTSFIELD JACKSON INTERNATIONAL AIRPORT, GA US",1930,02,02,NA,NA,NA,NA,NA,NA,NA,NA,NA,NA,NA,58,42,NA,NA,NA,NA,NA,NA,NA,NA,NA,NA,NA,NA,NA
NA,"ATLANTA HARTSFIELD JACKSON INTERNATIONAL AIRPORT, GA US",1930,02,03,NA,NA,NA,NA,NA,NA,NA,NA,NA,NA,NA,60,49,NA,NA,NA,NA,NA,NA,NA,NA,NA,NA,NA,NA,NA
NA,"ATLANTA HARTSFIELD JACKSON INTERNATIONAL AIRPORT, GA US",1930,02,04,NA,NA,NA,NA,NA,NA,NA,NA,NA,NA,NA,66,50,NA,NA,NA,NA,NA,NA,NA,NA,NA,NA,NA,NA,NA
NA,"ATLANTA HARTSFIELD JACKSON INTERNATIONAL AIRPORT, GA US",1930,02,05,NA,NA,NA,NA,NA,NA,NA,NA,NA,NA,NA,56,44,NA,NA,NA,NA,NA,NA,NA,NA,NA,NA,NA,NA,NA
NA,"ATLANTA HARTSFIELD JACKSON INTERNATIONAL AIRPORT, GA US",1930,02,06,NA,NA,NA,NA,NA,NA,NA,NA,NA,NA,NA,59,38,NA,NA,NA,NA,NA,NA,NA,NA,NA,NA,NA,NA,NA
NA,"ATLANTA HARTSFIELD JACKSON INTERNATIONAL AIRPORT, GA US",1930,02,07,NA,NA,NA,NA,NA,NA,NA,NA,NA,NA,NA,64,44,NA,NA,NA,NA,NA,NA,NA,NA,NA,NA,NA,NA,NA
NA,"ATLANTA HARTSFIELD JACKSON INTERNATIONAL AIRPORT, GA US",1930,02,08,NA,NA,NA,NA,NA,NA,NA,NA,NA,NA,NA,49,35,NA,NA,NA,NA,NA,NA,NA,NA,NA,NA,NA,NA,NA
NA,"ATLANTA HARTSFIELD JACKSON INTERNATIONAL AIRPORT, GA US",1930,02,09,NA,NA,NA,NA,NA,NA,NA,NA,NA,NA,NA,63,36,NA,NA,NA,NA,NA,NA,NA,NA,NA,NA,NA,NA,NA
NA,"ATLANTA HARTSFIELD JACKSON INTERNATIONAL AIRPORT, GA US",1930,02,10,NA,NA,NA,NA,NA,NA,NA,NA,NA,NA,NA,54,37,NA,NA,NA,NA,NA,NA,NA,NA,NA,NA,NA,NA,NA
NA,"ATLANTA HARTSFIELD JACKSON INTERNATIONAL AIRPORT, GA US",1930,02,11,NA,NA,NA,NA,NA,NA,NA,NA,NA,NA,NA,56,33,NA,NA,NA,NA,NA,NA,NA,NA,NA,NA,NA,NA,NA
NA,"ATLANTA HARTSFIELD JACKSON INTERNATIONAL AIRPORT, GA US",1930,02,12,NA,NA,NA,NA,NA,NA,NA,NA,NA,NA,NA,62,38,NA,NA,NA,NA,NA,NA,NA,NA,NA,NA,NA,NA,NA
NA,"ATLANTA HARTSFIELD JACKSON INTERNATIONAL AIRPORT, GA US",1930,02,13,NA,NA,NA,NA,NA,NA,NA,NA,NA,NA,NA,62,38,NA,NA,NA,NA,NA,NA,NA,NA,NA,NA,NA,NA,NA
NA,"ATLANTA HARTSFIELD JACKSON INTERNATIONAL AIRPORT, GA US",1930,02,14,NA,NA,NA,NA,NA,NA,NA,NA,NA,NA,NA,59,33,NA,NA,NA,NA,NA,NA,NA,NA,NA,NA,NA,NA,NA
NA,"ATLANTA HARTSFIELD JACKSON INTERNATIONAL AIRPORT, GA US",1930,02,15,NA,NA,NA,NA,NA,NA,NA,NA,NA,NA,NA,49,31,NA,NA,NA,NA,NA,NA,NA,NA,NA,NA,NA,NA,NA
NA,"ATLANTA HARTSFIELD JACKSON INTERNATIONAL AIRPORT, GA US",1930,02,16,NA,NA,NA,NA,NA,NA,NA,NA,NA,NA,NA,43,24,NA,NA,NA,NA,NA,NA,NA,NA,NA,NA,NA,NA,NA
NA,"ATLANTA HARTSFIELD JACKSON INTERNATIONAL AIRPORT, GA US",1930,02,17,NA,NA,NA,NA,NA,NA,NA,NA,NA,NA,NA,50,31,NA,NA,NA,NA,NA,NA,NA,NA,NA,NA,NA,NA,NA
NA,"ATLANTA HARTSFIELD JACKSON INTERNATIONAL AIRPORT, GA US",1930,02,18,NA,NA,NA,NA,NA,NA,NA,NA,NA,NA,NA,62,39,NA,NA,NA,NA,NA,NA,NA,NA,NA,NA,NA,NA,NA
NA,"ATLANTA HARTSFIELD JACKSON INTERNATIONAL AIRPORT, GA US",1930,02,19,NA,NA,NA,NA,NA,NA,NA,NA,NA,NA,NA,68,48,NA,NA,NA,NA,NA,NA,NA,NA,NA,NA,NA,NA,NA
NA,"ATLANTA HARTSFIELD JACKSON INTERNATIONAL AIRPORT, GA US",1930,02,20,NA,NA,NA,NA,NA,NA,NA,NA,NA,NA,NA,68,54,NA,NA,NA,NA,NA,NA,NA,NA,NA,NA,NA,NA,NA
NA,"ATLANTA HARTSFIELD JACKSON INTERNATIONAL AIRPORT, GA US",1930,02,21,NA,NA,NA,NA,NA,NA,NA,NA,NA,NA,NA,70,56,NA,NA,NA,NA,NA,NA,NA,NA,NA,NA,NA,NA,NA
NA,"ATLANTA HARTSFIELD JACKSON INTERNATIONAL AIRPORT, GA US",1930,02,22,NA,NA,NA,NA,NA,NA,NA,NA,NA,NA,NA,69,52,NA,NA,NA,NA,NA,NA,NA,NA,NA,NA,NA,NA,NA
NA,"ATLANTA HARTSFIELD JACKSON INTERNATIONAL AIRPORT, GA US",1930,02,23,NA,NA,NA,NA,NA,NA,NA,NA,NA,NA,NA,70,55,NA,NA,NA,NA,NA,NA,NA,NA,NA,NA,NA,NA,NA
NA,"ATLANTA HARTSFIELD JACKSON INTERNATIONAL AIRPORT, GA US",1930,02,24,NA,NA,NA,NA,NA,NA,NA,NA,NA,NA,NA,76,58,NA,NA,NA,NA,NA,NA,NA,NA,NA,NA,NA,NA,NA
NA,"ATLANTA HARTSFIELD JACKSON INTERNATIONAL AIRPORT, GA US",1930,02,25,NA,NA,NA,NA,NA,NA,NA,NA,NA,NA,NA,77,56,NA,NA,NA,NA,NA,NA,NA,NA,NA,NA,NA,NA,NA
NA,"ATLANTA HARTSFIELD JACKSON INTERNATIONAL AIRPORT, GA US",1930,02,26,NA,NA,NA,NA,NA,NA,NA,NA,NA,NA,NA,69,46,NA,NA,NA,NA,NA,NA,NA,NA,NA,NA,NA,NA,NA
NA,"ATLANTA HARTSFIELD JACKSON INTERNATIONAL AIRPORT, GA US",1930,02,27,NA,NA,NA,NA,NA,NA,NA,NA,NA,NA,NA,66,41,NA,NA,NA,NA,NA,NA,NA,NA,NA,NA,NA,NA,NA
NA,"ATLANTA HARTSFIELD JACKSON INTERNATIONAL AIRPORT, GA US",1930,02,28,NA,NA,NA,NA,NA,NA,NA,NA,NA,NA,NA,57,47,NA,NA,NA,NA,NA,NA,NA,NA,NA,NA,NA,NA,NA
NA,"ATLANTA HARTSFIELD JACKSON INTERNATIONAL AIRPORT, GA US",1930,03,01,NA,NA,NA,NA,NA,NA,NA,NA,NA,NA,NA,55,45,NA,NA,NA,NA,NA,NA,NA,NA,NA,NA,NA,NA,NA
NA,"ATLANTA HARTSFIELD JACKSON INTERNATIONAL AIRPORT, GA US",1930,03,02,NA,NA,NA,NA,NA,NA,NA,NA,NA,NA,NA,45,25,NA,NA,NA,NA,NA,NA,NA,NA,NA,NA,NA,NA,NA
NA,"ATLANTA HARTSFIELD JACKSON INTERNATIONAL AIRPORT, GA US",1930,03,03,NA,NA,NA,NA,NA,NA,NA,NA,NA,NA,NA,39,21,NA,NA,NA,NA,NA,NA,NA,NA,NA,NA,NA,NA,NA
NA,"ATLANTA HARTSFIELD JACKSON INTERNATIONAL AIRPORT, GA US",1930,03,04,NA,NA,NA,NA,NA,NA,NA,NA,NA,NA,NA,50,28,NA,NA,NA,NA,NA,NA,NA,NA,NA,NA,NA,NA,NA
NA,"ATLANTA HARTSFIELD JACKSON INTERNATIONAL AIRPORT, GA US",1930,03,05,NA,NA,NA,NA,NA,NA,NA,NA,NA,NA,NA,57,35,NA,NA,NA,NA,NA,NA,NA,NA,NA,NA,NA,NA,NA
NA,"ATLANTA HARTSFIELD JACKSON INTERNATIONAL AIRPORT, GA US",1930,03,06,NA,NA,NA,NA,NA,NA,NA,NA,NA,NA,NA,54,47,NA,NA,NA,NA,NA,NA,NA,NA,NA,NA,NA,NA,NA
NA,"ATLANTA HARTSFIELD JACKSON INTERNATIONAL AIRPORT, GA US",1930,03,07,NA,NA,NA,NA,NA,NA,NA,NA,NA,NA,NA,65,46,NA,NA,NA,NA,NA,NA,NA,NA,NA,NA,NA,NA,NA
NA,"ATLANTA HARTSFIELD JACKSON INTERNATIONAL AIRPORT, GA US",1930,03,08,NA,NA,NA,NA,NA,NA,NA,NA,NA,NA,NA,52,39,NA,NA,NA,NA,NA,NA,NA,NA,NA,NA,NA,NA,NA
NA,"ATLANTA HARTSFIELD JACKSON INTERNATIONAL AIRPORT, GA US",1930,03,09,NA,NA,NA,NA,NA,NA,NA,NA,NA,NA,NA,56,34,NA,NA,NA,NA,NA,NA,NA,NA,NA,NA,NA,NA,NA
NA,"ATLANTA HARTSFIELD JACKSON INTERNATIONAL AIRPORT, GA US",1930,03,10,NA,NA,NA,NA,NA,NA,NA,NA,NA,NA,NA,64,45,NA,NA,NA,NA,NA,NA,NA,NA,NA,NA,NA,NA,NA
NA,"ATLANTA HARTSFIELD JACKSON INTERNATIONAL AIRPORT, GA US",1930,03,11,NA,NA,NA,NA,NA,NA,NA,NA,NA,NA,NA,59,43,NA,NA,NA,NA,NA,NA,NA,NA,NA,NA,NA,NA,NA
NA,"ATLANTA HARTSFIELD JACKSON INTERNATIONAL AIRPORT, GA US",1930,03,12,NA,NA,NA,NA,NA,NA,NA,NA,NA,NA,NA,58,37,NA,NA,NA,NA,NA,NA,NA,NA,NA,NA,NA,NA,NA
NA,"ATLANTA HARTSFIELD JACKSON INTERNATIONAL AIRPORT, GA US",1930,03,13,NA,NA,NA,NA,NA,NA,NA,NA,NA,NA,NA,68,47,NA,NA,NA,NA,NA,NA,NA,NA,NA,NA,NA,NA,NA
NA,"ATLANTA HARTSFIELD JACKSON INTERNATIONAL AIRPORT, GA US",1930,03,14,NA,NA,NA,NA,NA,NA,NA,NA,NA,NA,NA,63,54,NA,NA,NA,NA,NA,NA,NA,NA,NA,NA,NA,NA,NA
NA,"ATLANTA HARTSFIELD JACKSON INTERNATIONAL AIRPORT, GA US",1930,03,15,NA,NA,NA,NA,NA,NA,NA,NA,NA,NA,NA,57,48,NA,NA,NA,NA,NA,NA,NA,NA,NA,NA,NA,NA,NA
NA,"ATLANTA HARTSFIELD JACKSON INTERNATIONAL AIRPORT, GA US",1930,03,16,NA,NA,NA,NA,NA,NA,NA,NA,NA,NA,NA,68,47,NA,NA,NA,NA,NA,NA,NA,NA,NA,NA,NA,NA,NA
NA,"ATLANTA HARTSFIELD JACKSON INTERNATIONAL AIRPORT, GA US",1930,03,17,NA,NA,NA,NA,NA,NA,NA,NA,NA,NA,NA,66,55,NA,NA,NA,NA,NA,NA,NA,NA,NA,NA,NA,NA,NA
NA,"ATLANTA HARTSFIELD JACKSON INTERNATIONAL AIRPORT, GA US",1930,03,18,NA,NA,NA,NA,NA,NA,NA,NA,NA,NA,NA,67,59,NA,NA,NA,NA,NA,NA,NA,NA,NA,NA,NA,NA,NA
NA,"ATLANTA HARTSFIELD JACKSON INTERNATIONAL AIRPORT, GA US",1930,03,19,NA,NA,NA,NA,NA,NA,NA,NA,NA,NA,NA,60,39,NA,NA,NA,NA,NA,NA,NA,NA,NA,NA,NA,NA,NA
NA,"ATLANTA HARTSFIELD JACKSON INTERNATIONAL AIRPORT, GA US",1930,03,20,NA,NA,NA,NA,NA,NA,NA,NA,NA,NA,NA,61,35,NA,NA,NA,NA,NA,NA,NA,NA,NA,NA,NA,NA,NA
NA,"ATLANTA HARTSFIELD JACKSON INTERNATIONAL AIRPORT, GA US",1930,03,21,NA,NA,NA,NA,NA,NA,NA,NA,NA,NA,NA,70,48,NA,NA,NA,NA,NA,NA,NA,NA,NA,NA,NA,NA,NA
NA,"ATLANTA HARTSFIELD JACKSON INTERNATIONAL AIRPORT, GA US",1930,03,22,NA,NA,NA,NA,NA,NA,NA,NA,NA,NA,NA,58,45,NA,NA,NA,NA,NA,NA,NA,NA,NA,NA,NA,NA,NA
NA,"ATLANTA HARTSFIELD JACKSON INTERNATIONAL AIRPORT, GA US",1930,03,23,NA,NA,NA,NA,NA,NA,NA,NA,NA,NA,NA,56,41,NA,NA,NA,NA,NA,NA,NA,NA,NA,NA,NA,NA,NA
NA,"ATLANTA HARTSFIELD JACKSON INTERNATIONAL AIRPORT, GA US",1930,03,24,NA,NA,NA,NA,NA,NA,NA,NA,NA,NA,NA,65,47,NA,NA,NA,NA,NA,NA,NA,NA,NA,NA,NA,NA,NA
NA,"ATLANTA HARTSFIELD JACKSON INTERNATIONAL AIRPORT, GA US",1930,03,25,NA,NA,NA,NA,NA,NA,NA,NA,NA,NA,NA,52,38,NA,NA,NA,NA,NA,NA,NA,NA,NA,NA,NA,NA,NA
NA,"ATLANTA HARTSFIELD JACKSON INTERNATIONAL AIRPORT, GA US",1930,03,26,NA,NA,NA,NA,NA,NA,NA,NA,NA,NA,NA,46,34,NA,NA,NA,NA,NA,NA,NA,NA,NA,NA,NA,NA,NA
NA,"ATLANTA HARTSFIELD JACKSON INTERNATIONAL AIRPORT, GA US",1930,03,27,NA,NA,NA,NA,NA,NA,NA,NA,NA,NA,NA,52,35,NA,NA,NA,NA,NA,NA,NA,NA,NA,NA,NA,NA,NA
NA,"ATLANTA HARTSFIELD JACKSON INTERNATIONAL AIRPORT, GA US",1930,03,28,NA,NA,NA,NA,NA,NA,NA,NA,NA,NA,NA,48,41,NA,NA,NA,NA,NA,NA,NA,NA,NA,NA,NA,NA,NA
NA,"ATLANTA HARTSFIELD JACKSON INTERNATIONAL AIRPORT, GA US",1930,03,29,NA,NA,NA,NA,NA,NA,NA,NA,NA,NA,NA,53,37,NA,NA,NA,NA,NA,NA,NA,NA,NA,NA,NA,NA,NA
NA,"ATLANTA HARTSFIELD JACKSON INTERNATIONAL AIRPORT, GA US",1930,03,30,NA,NA,NA,NA,NA,NA,NA,NA,NA,NA,NA,55,39,NA,NA,NA,NA,NA,NA,NA,NA,NA,NA,NA,NA,NA
NA,"ATLANTA HARTSFIELD JACKSON INTERNATIONAL AIRPORT, GA US",1930,03,31,NA,NA,NA,NA,NA,NA,NA,NA,NA,NA,NA,62,41,NA,NA,NA,NA,NA,NA,NA,NA,NA,NA,NA,NA,NA
NA,"ATLANTA HARTSFIELD JACKSON INTERNATIONAL AIRPORT, GA US",1930,04,01,NA,NA,NA,NA,NA,NA,NA,NA,NA,NA,NA,67,48,NA,NA,NA,NA,NA,NA,NA,NA,NA,NA,NA,NA,NA
NA,"ATLANTA HARTSFIELD JACKSON INTERNATIONAL AIRPORT, GA US",1930,04,02,NA,NA,NA,NA,NA,NA,NA,NA,NA,NA,NA,64,52,NA,NA,NA,NA,NA,NA,NA,NA,NA,NA,NA,NA,NA
NA,"ATLANTA HARTSFIELD JACKSON INTERNATIONAL AIRPORT, GA US",1930,04,03,NA,NA,NA,NA,NA,NA,NA,NA,NA,NA,NA,70,56,NA,NA,NA,NA,NA,NA,NA,NA,NA,NA,NA,NA,NA
NA,"ATLANTA HARTSFIELD JACKSON INTERNATIONAL AIRPORT, GA US",1930,04,04,NA,NA,NA,NA,NA,NA,NA,NA,NA,NA,NA,68,50,NA,NA,NA,NA,NA,NA,NA,NA,NA,NA,NA,NA,NA
NA,"ATLANTA HARTSFIELD JACKSON INTERNATIONAL AIRPORT, GA US",1930,04,05,NA,NA,NA,NA,NA,NA,NA,NA,NA,NA,NA,62,53,NA,NA,NA,NA,NA,NA,NA,NA,NA,NA,NA,NA,NA
NA,"ATLANTA HARTSFIELD JACKSON INTERNATIONAL AIRPORT, GA US",1930,04,06,NA,NA,NA,NA,NA,NA,NA,NA,NA,NA,NA,66,49,NA,NA,NA,NA,NA,NA,NA,NA,NA,NA,NA,NA,NA
NA,"ATLANTA HARTSFIELD JACKSON INTERNATIONAL AIRPORT, GA US",1930,04,07,NA,NA,NA,NA,NA,NA,NA,NA,NA,NA,NA,75,51,NA,NA,NA,NA,NA,NA,NA,NA,NA,NA,NA,NA,NA
NA,"ATLANTA HARTSFIELD JACKSON INTERNATIONAL AIRPORT, GA US",1930,04,08,NA,NA,NA,NA,NA,NA,NA,NA,NA,NA,NA,63,44,NA,NA,NA,NA,NA,NA,NA,NA,NA,NA,NA,NA,NA
NA,"ATLANTA HARTSFIELD JACKSON INTERNATIONAL AIRPORT, GA US",1930,04,09,NA,NA,NA,NA,NA,NA,NA,NA,NA,NA,NA,71,43,NA,NA,NA,NA,NA,NA,NA,NA,NA,NA,NA,NA,NA
NA,"ATLANTA HARTSFIELD JACKSON INTERNATIONAL AIRPORT, GA US",1930,04,10,NA,NA,NA,NA,NA,NA,NA,NA,NA,NA,NA,78,59,NA,NA,NA,NA,NA,NA,NA,NA,NA,NA,NA,NA,NA
NA,"ATLANTA HARTSFIELD JACKSON INTERNATIONAL AIRPORT, GA US",1930,04,11,NA,NA,NA,NA,NA,NA,NA,NA,NA,NA,NA,81,59,NA,NA,NA,NA,NA,NA,NA,NA,NA,NA,NA,NA,NA
NA,"ATLANTA HARTSFIELD JACKSON INTERNATIONAL AIRPORT, GA US",1930,04,12,NA,NA,NA,NA,NA,NA,NA,NA,NA,NA,NA,85,63,NA,NA,NA,NA,NA,NA,NA,NA,NA,NA,NA,NA,NA
NA,"ATLANTA HARTSFIELD JACKSON INTERNATIONAL AIRPORT, GA US",1930,04,13,NA,NA,NA,NA,NA,NA,NA,NA,NA,NA,NA,83,64,NA,NA,NA,NA,NA,NA,NA,NA,NA,NA,NA,NA,NA
NA,"ATLANTA HARTSFIELD JACKSON INTERNATIONAL AIRPORT, GA US",1930,04,14,NA,NA,NA,NA,NA,NA,NA,NA,NA,NA,NA,81,61,NA,NA,NA,NA,NA,NA,NA,NA,NA,NA,NA,NA,NA
NA,"ATLANTA HARTSFIELD JACKSON INTERNATIONAL AIRPORT, GA US",1930,04,15,NA,NA,NA,NA,NA,NA,NA,NA,NA,NA,NA,82,62,NA,NA,NA,NA,NA,NA,NA,NA,NA,NA,NA,NA,NA
NA,"ATLANTA HARTSFIELD JACKSON INTERNATIONAL AIRPORT, GA US",1930,04,16,NA,NA,NA,NA,NA,NA,NA,NA,NA,NA,NA,80,61,NA,NA,NA,NA,NA,NA,NA,NA,NA,NA,NA,NA,NA
NA,"ATLANTA HARTSFIELD JACKSON INTERNATIONAL AIRPORT, GA US",1930,04,17,NA,NA,NA,NA,NA,NA,NA,NA,NA,NA,NA,79,62,NA,NA,NA,NA,NA,NA,NA,NA,NA,NA,NA,NA,NA
NA,"ATLANTA HARTSFIELD JACKSON INTERNATIONAL AIRPORT, GA US",1930,04,18,NA,NA,NA,NA,NA,NA,NA,NA,NA,NA,NA,67,58,NA,NA,NA,NA,NA,NA,NA,NA,NA,NA,NA,NA,NA
NA,"ATLANTA HARTSFIELD JACKSON INTERNATIONAL AIRPORT, GA US",1930,04,19,NA,NA,NA,NA,NA,NA,NA,NA,NA,NA,NA,70,52,NA,NA,NA,NA,NA,NA,NA,NA,NA,NA,NA,NA,NA
NA,"ATLANTA HARTSFIELD JACKSON INTERNATIONAL AIRPORT, GA US",1930,04,20,NA,NA,NA,NA,NA,NA,NA,NA,NA,NA,NA,72,50,NA,NA,NA,NA,NA,NA,NA,NA,NA,NA,NA,NA,NA
NA,"ATLANTA HARTSFIELD JACKSON INTERNATIONAL AIRPORT, GA US",1930,04,21,NA,NA,NA,NA,NA,NA,NA,NA,NA,NA,NA,78,55,NA,NA,NA,NA,NA,NA,NA,NA,NA,NA,NA,NA,NA
NA,"ATLANTA HARTSFIELD JACKSON INTERNATIONAL AIRPORT, GA US",1930,04,22,NA,NA,NA,NA,NA,NA,NA,NA,NA,NA,NA,77,51,NA,NA,NA,NA,NA,NA,NA,NA,NA,NA,NA,NA,NA
NA,"ATLANTA HARTSFIELD JACKSON INTERNATIONAL AIRPORT, GA US",1930,04,23,NA,NA,NA,NA,NA,NA,NA,NA,NA,NA,NA,72,49,NA,NA,NA,NA,NA,NA,NA,NA,NA,NA,NA,NA,NA
NA,"ATLANTA HARTSFIELD JACKSON INTERNATIONAL AIRPORT, GA US",1930,04,24,NA,NA,NA,NA,NA,NA,NA,NA,NA,NA,NA,62,44,NA,NA,NA,NA,NA,NA,NA,NA,NA,NA,NA,NA,NA
NA,"ATLANTA HARTSFIELD JACKSON INTERNATIONAL AIRPORT, GA US",1930,04,25,NA,NA,NA,NA,NA,NA,NA,NA,NA,NA,NA,66,45,NA,NA,NA,NA,NA,NA,NA,NA,NA,NA,NA,NA,NA
NA,"ATLANTA HARTSFIELD JACKSON INTERNATIONAL AIRPORT, GA US",1930,04,26,NA,NA,NA,NA,NA,NA,NA,NA,NA,NA,NA,69,46,NA,NA,NA,NA,NA,NA,NA,NA,NA,NA,NA,NA,NA
NA,"ATLANTA HARTSFIELD JACKSON INTERNATIONAL AIRPORT, GA US",1930,04,27,NA,NA,NA,NA,NA,NA,NA,NA,NA,NA,NA,68,51,NA,NA,NA,NA,NA,NA,NA,NA,NA,NA,NA,NA,NA
NA,"ATLANTA HARTSFIELD JACKSON INTERNATIONAL AIRPORT, GA US",1930,04,28,NA,NA,NA,NA,NA,NA,NA,NA,NA,NA,NA,79,59,NA,NA,NA,NA,NA,NA,NA,NA,NA,NA,NA,NA,NA
NA,"ATLANTA HARTSFIELD JACKSON INTERNATIONAL AIRPORT, GA US",1930,04,29,NA,NA,NA,NA,NA,NA,NA,NA,NA,NA,NA,78,60,NA,NA,NA,NA,NA,NA,NA,NA,NA,NA,NA,NA,NA
NA,"ATLANTA HARTSFIELD JACKSON INTERNATIONAL AIRPORT, GA US",1930,04,30,NA,NA,NA,NA,NA,NA,NA,NA,NA,NA,NA,77,60,NA,NA,NA,NA,NA,NA,NA,NA,NA,NA,NA,NA,NA
NA,"ATLANTA HARTSFIELD JACKSON INTERNATIONAL AIRPORT, GA US",1930,05,01,NA,NA,NA,NA,NA,NA,NA,NA,NA,NA,NA,80,61,NA,NA,NA,NA,NA,NA,NA,NA,NA,NA,NA,NA,NA
NA,"ATLANTA HARTSFIELD JACKSON INTERNATIONAL AIRPORT, GA US",1930,05,02,NA,NA,NA,NA,NA,NA,NA,NA,NA,NA,NA,82,63,NA,NA,NA,NA,NA,NA,NA,NA,NA,NA,NA,NA,NA
NA,"ATLANTA HARTSFIELD JACKSON INTERNATIONAL AIRPORT, GA US",1930,05,03,NA,NA,NA,NA,NA,NA,NA,NA,NA,NA,NA,85,62,NA,NA,NA,NA,NA,NA,NA,NA,NA,NA,NA,NA,NA
NA,"ATLANTA HARTSFIELD JACKSON INTERNATIONAL AIRPORT, GA US",1930,05,04,NA,NA,NA,NA,NA,NA,NA,NA,NA,NA,NA,85,61,NA,NA,NA,NA,NA,NA,NA,NA,NA,NA,NA,NA,NA
NA,"ATLANTA HARTSFIELD JACKSON INTERNATIONAL AIRPORT, GA US",1930,05,05,NA,NA,NA,NA,NA,NA,NA,NA,NA,NA,NA,88,63,NA,NA,NA,NA,NA,NA,NA,NA,NA,NA,NA,NA,NA
NA,"ATLANTA HARTSFIELD JACKSON INTERNATIONAL AIRPORT, GA US",1930,05,06,NA,NA,NA,NA,NA,NA,NA,NA,NA,NA,NA,86,67,NA,NA,NA,NA,NA,NA,NA,NA,NA,NA,NA,NA,NA
NA,"ATLANTA HARTSFIELD JACKSON INTERNATIONAL AIRPORT, GA US",1930,05,07,NA,NA,NA,NA,NA,NA,NA,NA,NA,NA,NA,80,65,NA,NA,NA,NA,NA,NA,NA,NA,NA,NA,NA,NA,NA
NA,"ATLANTA HARTSFIELD JACKSON INTERNATIONAL AIRPORT, GA US",1930,05,08,NA,NA,NA,NA,NA,NA,NA,NA,NA,NA,NA,83,66,NA,NA,NA,NA,NA,NA,NA,NA,NA,NA,NA,NA,NA
NA,"ATLANTA HARTSFIELD JACKSON INTERNATIONAL AIRPORT, GA US",1930,05,09,NA,NA,NA,NA,NA,NA,NA,NA,NA,NA,NA,73,64,NA,NA,NA,NA,NA,NA,NA,NA,NA,NA,NA,NA,NA
NA,"ATLANTA HARTSFIELD JACKSON INTERNATIONAL AIRPORT, GA US",1930,05,10,NA,NA,NA,NA,NA,NA,NA,NA,NA,NA,NA,79,67,NA,NA,NA,NA,NA,NA,NA,NA,NA,NA,NA,NA,NA
NA,"ATLANTA HARTSFIELD JACKSON INTERNATIONAL AIRPORT, GA US",1930,05,11,NA,NA,NA,NA,NA,NA,NA,NA,NA,NA,NA,79,67,NA,NA,NA,NA,NA,NA,NA,NA,NA,NA,NA,NA,NA
NA,"ATLANTA HARTSFIELD JACKSON INTERNATIONAL AIRPORT, GA US",1930,05,12,NA,NA,NA,NA,NA,NA,NA,NA,NA,NA,NA,80,62,NA,NA,NA,NA,NA,NA,NA,NA,NA,NA,NA,NA,NA
NA,"ATLANTA HARTSFIELD JACKSON INTERNATIONAL AIRPORT, GA US",1930,05,13,NA,NA,NA,NA,NA,NA,NA,NA,NA,NA,NA,75,60,NA,NA,NA,NA,NA,NA,NA,NA,NA,NA,NA,NA,NA
NA,"ATLANTA HARTSFIELD JACKSON INTERNATIONAL AIRPORT, GA US",1930,05,14,NA,NA,NA,NA,NA,NA,NA,NA,NA,NA,NA,75,61,NA,NA,NA,NA,NA,NA,NA,NA,NA,NA,NA,NA,NA
NA,"ATLANTA HARTSFIELD JACKSON INTERNATIONAL AIRPORT, GA US",1930,05,15,NA,NA,NA,NA,NA,NA,NA,NA,NA,NA,NA,77,56,NA,NA,NA,NA,NA,NA,NA,NA,NA,NA,NA,NA,NA
NA,"ATLANTA HARTSFIELD JACKSON INTERNATIONAL AIRPORT, GA US",1930,05,16,NA,NA,NA,NA,NA,NA,NA,NA,NA,NA,NA,74,62,NA,NA,NA,NA,NA,NA,NA,NA,NA,NA,NA,NA,NA
NA,"ATLANTA HARTSFIELD JACKSON INTERNATIONAL AIRPORT, GA US",1930,05,17,NA,NA,NA,NA,NA,NA,NA,NA,NA,NA,NA,76,62,NA,NA,NA,NA,NA,NA,NA,NA,NA,NA,NA,NA,NA
NA,"ATLANTA HARTSFIELD JACKSON INTERNATIONAL AIRPORT, GA US",1930,05,18,NA,NA,NA,NA,NA,NA,NA,NA,NA,NA,NA,82,65,NA,NA,NA,NA,NA,NA,NA,NA,NA,NA,NA,NA,NA
NA,"ATLANTA HARTSFIELD JACKSON INTERNATIONAL AIRPORT, GA US",1930,05,19,NA,NA,NA,NA,NA,NA,NA,NA,NA,NA,NA,74,64,NA,NA,NA,NA,NA,NA,NA,NA,NA,NA,NA,NA,NA
NA,"ATLANTA HARTSFIELD JACKSON INTERNATIONAL AIRPORT, GA US",1930,05,20,NA,NA,NA,NA,NA,NA,NA,NA,NA,NA,NA,77,61,NA,NA,NA,NA,NA,NA,NA,NA,NA,NA,NA,NA,NA
NA,"ATLANTA HARTSFIELD JACKSON INTERNATIONAL AIRPORT, GA US",1930,05,21,NA,NA,NA,NA,NA,NA,NA,NA,NA,NA,NA,79,56,NA,NA,NA,NA,NA,NA,NA,NA,NA,NA,NA,NA,NA
NA,"ATLANTA HARTSFIELD JACKSON INTERNATIONAL AIRPORT, GA US",1930,05,22,NA,NA,NA,NA,NA,NA,NA,NA,NA,NA,NA,81,64,NA,NA,NA,NA,NA,NA,NA,NA,NA,NA,NA,NA,NA
NA,"ATLANTA HARTSFIELD JACKSON INTERNATIONAL AIRPORT, GA US",1930,05,23,NA,NA,NA,NA,NA,NA,NA,NA,NA,NA,NA,79,65,NA,NA,NA,NA,NA,NA,NA,NA,NA,NA,NA,NA,NA
NA,"ATLANTA HARTSFIELD JACKSON INTERNATIONAL AIRPORT, GA US",1930,05,24,NA,NA,NA,NA,NA,NA,NA,NA,NA,NA,NA,72,57,NA,NA,NA,NA,NA,NA,NA,NA,NA,NA,NA,NA,NA
NA,"ATLANTA HARTSFIELD JACKSON INTERNATIONAL AIRPORT, GA US",1930,05,25,NA,NA,NA,NA,NA,NA,NA,NA,NA,NA,NA,75,54,NA,NA,NA,NA,NA,NA,NA,NA,NA,NA,NA,NA,NA
NA,"ATLANTA HARTSFIELD JACKSON INTERNATIONAL AIRPORT, GA US",1930,05,26,NA,NA,NA,NA,NA,NA,NA,NA,NA,NA,NA,79,58,NA,NA,NA,NA,NA,NA,NA,NA,NA,NA,NA,NA,NA
NA,"ATLANTA HARTSFIELD JACKSON INTERNATIONAL AIRPORT, GA US",1930,05,27,NA,NA,NA,NA,NA,NA,NA,NA,NA,NA,NA,82,66,NA,NA,NA,NA,NA,NA,NA,NA,NA,NA,NA,NA,NA
NA,"ATLANTA HARTSFIELD JACKSON INTERNATIONAL AIRPORT, GA US",1930,05,28,NA,NA,NA,NA,NA,NA,NA,NA,NA,NA,NA,83,65,NA,NA,NA,NA,NA,NA,NA,NA,NA,NA,NA,NA,NA
NA,"ATLANTA HARTSFIELD JACKSON INTERNATIONAL AIRPORT, GA US",1930,05,29,NA,NA,NA,NA,NA,NA,NA,NA,NA,NA,NA,80,67,NA,NA,NA,NA,NA,NA,NA,NA,NA,NA,NA,NA,NA
NA,"ATLANTA HARTSFIELD JACKSON INTERNATIONAL AIRPORT, GA US",1930,05,30,NA,NA,NA,NA,NA,NA,NA,NA,NA,NA,NA,74,56,NA,NA,NA,NA,NA,NA,NA,NA,NA,NA,NA,NA,NA
NA,"ATLANTA HARTSFIELD JACKSON INTERNATIONAL AIRPORT, GA US",1930,05,31,NA,NA,NA,NA,NA,NA,NA,NA,NA,NA,NA,75,53,NA,NA,NA,NA,NA,NA,NA,NA,NA,NA,NA,NA,NA
NA,"ATLANTA HARTSFIELD JACKSON INTERNATIONAL AIRPORT, GA US",1930,06,01,NA,NA,NA,NA,NA,NA,NA,NA,NA,NA,NA,79,56,NA,NA,NA,NA,NA,NA,NA,NA,NA,NA,NA,NA,NA
NA,"ATLANTA HARTSFIELD JACKSON INTERNATIONAL AIRPORT, GA US",1930,06,02,NA,NA,NA,NA,NA,NA,NA,NA,NA,NA,NA,82,60,NA,NA,NA,NA,NA,NA,NA,NA,NA,NA,NA,NA,NA
NA,"ATLANTA HARTSFIELD JACKSON INTERNATIONAL AIRPORT, GA US",1930,06,03,NA,NA,NA,NA,NA,NA,NA,NA,NA,NA,NA,82,61,NA,NA,NA,NA,NA,NA,NA,NA,NA,NA,NA,NA,NA
NA,"ATLANTA HARTSFIELD JACKSON INTERNATIONAL AIRPORT, GA US",1930,06,04,NA,NA,NA,NA,NA,NA,NA,NA,NA,NA,NA,76,62,NA,NA,NA,NA,NA,NA,NA,NA,NA,NA,NA,NA,NA
NA,"ATLANTA HARTSFIELD JACKSON INTERNATIONAL AIRPORT, GA US",1930,06,05,NA,NA,NA,NA,NA,NA,NA,NA,NA,NA,NA,77,67,NA,NA,NA,NA,NA,NA,NA,NA,NA,NA,NA,NA,NA
NA,"ATLANTA HARTSFIELD JACKSON INTERNATIONAL AIRPORT, GA US",1930,06,06,NA,NA,NA,NA,NA,NA,NA,NA,NA,NA,NA,78,66,NA,NA,NA,NA,NA,NA,NA,NA,NA,NA,NA,NA,NA
NA,"ATLANTA HARTSFIELD JACKSON INTERNATIONAL AIRPORT, GA US",1930,06,07,NA,NA,NA,NA,NA,NA,NA,NA,NA,NA,NA,76,62,NA,NA,NA,NA,NA,NA,NA,NA,NA,NA,NA,NA,NA
NA,"ATLANTA HARTSFIELD JACKSON INTERNATIONAL AIRPORT, GA US",1930,06,08,NA,NA,NA,NA,NA,NA,NA,NA,NA,NA,NA,73,55,NA,NA,NA,NA,NA,NA,NA,NA,NA,NA,NA,NA,NA
NA,"ATLANTA HARTSFIELD JACKSON INTERNATIONAL AIRPORT, GA US",1930,06,09,NA,NA,NA,NA,NA,NA,NA,NA,NA,NA,NA,74,53,NA,NA,NA,NA,NA,NA,NA,NA,NA,NA,NA,NA,NA
NA,"ATLANTA HARTSFIELD JACKSON INTERNATIONAL AIRPORT, GA US",1930,06,10,NA,NA,NA,NA,NA,NA,NA,NA,NA,NA,NA,80,58,NA,NA,NA,NA,NA,NA,NA,NA,NA,NA,NA,NA,NA
NA,"ATLANTA HARTSFIELD JACKSON INTERNATIONAL AIRPORT, GA US",1930,06,11,NA,NA,NA,NA,NA,NA,NA,NA,NA,NA,NA,80,62,NA,NA,NA,NA,NA,NA,NA,NA,NA,NA,NA,NA,NA
NA,"ATLANTA HARTSFIELD JACKSON INTERNATIONAL AIRPORT, GA US",1930,06,12,NA,NA,NA,NA,NA,NA,NA,NA,NA,NA,NA,79,63,NA,NA,NA,NA,NA,NA,NA,NA,NA,NA,NA,NA,NA
NA,"ATLANTA HARTSFIELD JACKSON INTERNATIONAL AIRPORT, GA US",1930,06,13,NA,NA,NA,NA,NA,NA,NA,NA,NA,NA,NA,76,62,NA,NA,NA,NA,NA,NA,NA,NA,NA,NA,NA,NA,NA
NA,"ATLANTA HARTSFIELD JACKSON INTERNATIONAL AIRPORT, GA US",1930,06,14,NA,NA,NA,NA,NA,NA,NA,NA,NA,NA,NA,82,65,NA,NA,NA,NA,NA,NA,NA,NA,NA,NA,NA,NA,NA
NA,"ATLANTA HARTSFIELD JACKSON INTERNATIONAL AIRPORT, GA US",1930,06,15,NA,NA,NA,NA,NA,NA,NA,NA,NA,NA,NA,82,66,NA,NA,NA,NA,NA,NA,NA,NA,NA,NA,NA,NA,NA
NA,"ATLANTA HARTSFIELD JACKSON INTERNATIONAL AIRPORT, GA US",1930,06,16,NA,NA,NA,NA,NA,NA,NA,NA,NA,NA,NA,79,65,NA,NA,NA,NA,NA,NA,NA,NA,NA,NA,NA,NA,NA
NA,"ATLANTA HARTSFIELD JACKSON INTERNATIONAL AIRPORT, GA US",1930,06,17,NA,NA,NA,NA,NA,NA,NA,NA,NA,NA,NA,83,66,NA,NA,NA,NA,NA,NA,NA,NA,NA,NA,NA,NA,NA
NA,"ATLANTA HARTSFIELD JACKSON INTERNATIONAL AIRPORT, GA US",1930,06,18,NA,NA,NA,NA,NA,NA,NA,NA,NA,NA,NA,87,67,NA,NA,NA,NA,NA,NA,NA,NA,NA,NA,NA,NA,NA
NA,"ATLANTA HARTSFIELD JACKSON INTERNATIONAL AIRPORT, GA US",1930,06,19,NA,NA,NA,NA,NA,NA,NA,NA,NA,NA,NA,91,68,NA,NA,NA,NA,NA,NA,NA,NA,NA,NA,NA,NA,NA
NA,"ATLANTA HARTSFIELD JACKSON INTERNATIONAL AIRPORT, GA US",1930,06,20,NA,NA,NA,NA,NA,NA,NA,NA,NA,NA,NA,92,71,NA,NA,NA,NA,NA,NA,NA,NA,NA,NA,NA,NA,NA
NA,"ATLANTA HARTSFIELD JACKSON INTERNATIONAL AIRPORT, GA US",1930,06,21,NA,NA,NA,NA,NA,NA,NA,NA,NA,NA,NA,92,74,NA,NA,NA,NA,NA,NA,NA,NA,NA,NA,NA,NA,NA
NA,"ATLANTA HARTSFIELD JACKSON INTERNATIONAL AIRPORT, GA US",1930,06,22,NA,NA,NA,NA,NA,NA,NA,NA,NA,NA,NA,92,71,NA,NA,NA,NA,NA,NA,NA,NA,NA,NA,NA,NA,NA
NA,"ATLANTA HARTSFIELD JACKSON INTERNATIONAL AIRPORT, GA US",1930,06,23,NA,NA,NA,NA,NA,NA,NA,NA,NA,NA,NA,99,75,NA,NA,NA,NA,NA,NA,NA,NA,NA,NA,NA,NA,NA
NA,"ATLANTA HARTSFIELD JACKSON INTERNATIONAL AIRPORT, GA US",1930,06,24,NA,NA,NA,NA,NA,NA,NA,NA,NA,NA,NA,99,78,NA,NA,NA,NA,NA,NA,NA,NA,NA,NA,NA,NA,NA
NA,"ATLANTA HARTSFIELD JACKSON INTERNATIONAL AIRPORT, GA US",1930,06,25,NA,NA,NA,NA,NA,NA,NA,NA,NA,NA,NA,97,75,NA,NA,NA,NA,NA,NA,NA,NA,NA,NA,NA,NA,NA
NA,"ATLANTA HARTSFIELD JACKSON INTERNATIONAL AIRPORT, GA US",1930,06,26,NA,NA,NA,NA,NA,NA,NA,NA,NA,NA,NA,95,68,NA,NA,NA,NA,NA,NA,NA,NA,NA,NA,NA,NA,NA
NA,"ATLANTA HARTSFIELD JACKSON INTERNATIONAL AIRPORT, GA US",1930,06,27,NA,NA,NA,NA,NA,NA,NA,NA,NA,NA,NA,87,72,NA,NA,NA,NA,NA,NA,NA,NA,NA,NA,NA,NA,NA
NA,"ATLANTA HARTSFIELD JACKSON INTERNATIONAL AIRPORT, GA US",1930,06,28,NA,NA,NA,NA,NA,NA,NA,NA,NA,NA,NA,89,69,NA,NA,NA,NA,NA,NA,NA,NA,NA,NA,NA,NA,NA
NA,"ATLANTA HARTSFIELD JACKSON INTERNATIONAL AIRPORT, GA US",1930,06,29,NA,NA,NA,NA,NA,NA,NA,NA,NA,NA,NA,92,70,NA,NA,NA,NA,NA,NA,NA,NA,NA,NA,NA,NA,NA
NA,"ATLANTA HARTSFIELD JACKSON INTERNATIONAL AIRPORT, GA US",1930,06,30,NA,NA,NA,NA,NA,NA,NA,NA,NA,NA,NA,88,67,NA,NA,NA,NA,NA,NA,NA,NA,NA,NA,NA,NA,NA
NA,"ATLANTA HARTSFIELD JACKSON INTERNATIONAL AIRPORT, GA US",1930,07,01,NA,NA,NA,NA,NA,NA,NA,NA,NA,NA,NA,87,67,NA,NA,NA,NA,NA,NA,NA,NA,NA,NA,NA,NA,NA
NA,"ATLANTA HARTSFIELD JACKSON INTERNATIONAL AIRPORT, GA US",1930,07,02,NA,NA,NA,NA,NA,NA,NA,NA,NA,NA,NA,83,68,NA,NA,NA,NA,NA,NA,NA,NA,NA,NA,NA,NA,NA
NA,"ATLANTA HARTSFIELD JACKSON INTERNATIONAL AIRPORT, GA US",1930,07,03,NA,NA,NA,NA,NA,NA,NA,NA,NA,NA,NA,87,65,NA,NA,NA,NA,NA,NA,NA,NA,NA,NA,NA,NA,NA
NA,"ATLANTA HARTSFIELD JACKSON INTERNATIONAL AIRPORT, GA US",1930,07,04,NA,NA,NA,NA,NA,NA,NA,NA,NA,NA,NA,92,67,NA,NA,NA,NA,NA,NA,NA,NA,NA,NA,NA,NA,NA
NA,"ATLANTA HARTSFIELD JACKSON INTERNATIONAL AIRPORT, GA US",1930,07,05,NA,NA,NA,NA,NA,NA,NA,NA,NA,NA,NA,94,68,NA,NA,NA,NA,NA,NA,NA,NA,NA,NA,NA,NA,NA
NA,"ATLANTA HARTSFIELD JACKSON INTERNATIONAL AIRPORT, GA US",1930,07,06,NA,NA,NA,NA,NA,NA,NA,NA,NA,NA,NA,96,74,NA,NA,NA,NA,NA,NA,NA,NA,NA,NA,NA,NA,NA
NA,"ATLANTA HARTSFIELD JACKSON INTERNATIONAL AIRPORT, GA US",1930,07,07,NA,NA,NA,NA,NA,NA,NA,NA,NA,NA,NA,97,75,NA,NA,NA,NA,NA,NA,NA,NA,NA,NA,NA,NA,NA
NA,"ATLANTA HARTSFIELD JACKSON INTERNATIONAL AIRPORT, GA US",1930,07,08,NA,NA,NA,NA,NA,NA,NA,NA,NA,NA,NA,96,74,NA,NA,NA,NA,NA,NA,NA,NA,NA,NA,NA,NA,NA
NA,"ATLANTA HARTSFIELD JACKSON INTERNATIONAL AIRPORT, GA US",1930,07,09,NA,NA,NA,NA,NA,NA,NA,NA,NA,NA,NA,100,75,NA,NA,NA,NA,NA,NA,NA,NA,NA,NA,NA,NA,NA
NA,"ATLANTA HARTSFIELD JACKSON INTERNATIONAL AIRPORT, GA US",1930,07,10,NA,NA,NA,NA,NA,NA,NA,NA,NA,NA,NA,100,78,NA,NA,NA,NA,NA,NA,NA,NA,NA,NA,NA,NA,NA
NA,"ATLANTA HARTSFIELD JACKSON INTERNATIONAL AIRPORT, GA US",1930,07,11,NA,NA,NA,NA,NA,NA,NA,NA,NA,NA,NA,94,74,NA,NA,NA,NA,NA,NA,NA,NA,NA,NA,NA,NA,NA
NA,"ATLANTA HARTSFIELD JACKSON INTERNATIONAL AIRPORT, GA US",1930,07,12,NA,NA,NA,NA,NA,NA,NA,NA,NA,NA,NA,103,73,NA,NA,NA,NA,NA,NA,NA,NA,NA,NA,NA,NA,NA
NA,"ATLANTA HARTSFIELD JACKSON INTERNATIONAL AIRPORT, GA US",1930,07,13,NA,NA,NA,NA,NA,NA,NA,NA,NA,NA,NA,101,73,NA,NA,NA,NA,NA,NA,NA,NA,NA,NA,NA,NA,NA
NA,"ATLANTA HARTSFIELD JACKSON INTERNATIONAL AIRPORT, GA US",1930,07,14,NA,NA,NA,NA,NA,NA,NA,NA,NA,NA,NA,90,70,NA,NA,NA,NA,NA,NA,NA,NA,NA,NA,NA,NA,NA
NA,"ATLANTA HARTSFIELD JACKSON INTERNATIONAL AIRPORT, GA US",1930,07,15,NA,NA,NA,NA,NA,NA,NA,NA,NA,NA,NA,73,65,NA,NA,NA,NA,NA,NA,NA,NA,NA,NA,NA,NA,NA
NA,"ATLANTA HARTSFIELD JACKSON INTERNATIONAL AIRPORT, GA US",1930,07,16,NA,NA,NA,NA,NA,NA,NA,NA,NA,NA,NA,72,64,NA,NA,NA,NA,NA,NA,NA,NA,NA,NA,NA,NA,NA
NA,"ATLANTA HARTSFIELD JACKSON INTERNATIONAL AIRPORT, GA US",1930,07,17,NA,NA,NA,NA,NA,NA,NA,NA,NA,NA,NA,81,66,NA,NA,NA,NA,NA,NA,NA,NA,NA,NA,NA,NA,NA
NA,"ATLANTA HARTSFIELD JACKSON INTERNATIONAL AIRPORT, GA US",1930,07,18,NA,NA,NA,NA,NA,NA,NA,NA,NA,NA,NA,85,68,NA,NA,NA,NA,NA,NA,NA,NA,NA,NA,NA,NA,NA
NA,"ATLANTA HARTSFIELD JACKSON INTERNATIONAL AIRPORT, GA US",1930,07,19,NA,NA,NA,NA,NA,NA,NA,NA,NA,NA,NA,91,71,NA,NA,NA,NA,NA,NA,NA,NA,NA,NA,NA,NA,NA
NA,"ATLANTA HARTSFIELD JACKSON INTERNATIONAL AIRPORT, GA US",1930,07,20,NA,NA,NA,NA,NA,NA,NA,NA,NA,NA,NA,90,71,NA,NA,NA,NA,NA,NA,NA,NA,NA,NA,NA,NA,NA
NA,"ATLANTA HARTSFIELD JACKSON INTERNATIONAL AIRPORT, GA US",1930,07,21,NA,NA,NA,NA,NA,NA,NA,NA,NA,NA,NA,91,73,NA,NA,NA,NA,NA,NA,NA,NA,NA,NA,NA,NA,NA
NA,"ATLANTA HARTSFIELD JACKSON INTERNATIONAL AIRPORT, GA US",1930,07,22,NA,NA,NA,NA,NA,NA,NA,NA,NA,NA,NA,91,75,NA,NA,NA,NA,NA,NA,NA,NA,NA,NA,NA,NA,NA
NA,"ATLANTA HARTSFIELD JACKSON INTERNATIONAL AIRPORT, GA US",1930,07,23,NA,NA,NA,NA,NA,NA,NA,NA,NA,NA,NA,94,72,NA,NA,NA,NA,NA,NA,NA,NA,NA,NA,NA,NA,NA
NA,"ATLANTA HARTSFIELD JACKSON INTERNATIONAL AIRPORT, GA US",1930,07,24,NA,NA,NA,NA,NA,NA,NA,NA,NA,NA,NA,89,70,NA,NA,NA,NA,NA,NA,NA,NA,NA,NA,NA,NA,NA
NA,"ATLANTA HARTSFIELD JACKSON INTERNATIONAL AIRPORT, GA US",1930,07,25,NA,NA,NA,NA,NA,NA,NA,NA,NA,NA,NA,90,71,NA,NA,NA,NA,NA,NA,NA,NA,NA,NA,NA,NA,NA
NA,"ATLANTA HARTSFIELD JACKSON INTERNATIONAL AIRPORT, GA US",1930,07,26,NA,NA,NA,NA,NA,NA,NA,NA,NA,NA,NA,95,73,NA,NA,NA,NA,NA,NA,NA,NA,NA,NA,NA,NA,NA
NA,"ATLANTA HARTSFIELD JACKSON INTERNATIONAL AIRPORT, GA US",1930,07,27,NA,NA,NA,NA,NA,NA,NA,NA,NA,NA,NA,93,73,NA,NA,NA,NA,NA,NA,NA,NA,NA,NA,NA,NA,NA
NA,"ATLANTA HARTSFIELD JACKSON INTERNATIONAL AIRPORT, GA US",1930,07,28,NA,NA,NA,NA,NA,NA,NA,NA,NA,NA,NA,94,75,NA,NA,NA,NA,NA,NA,NA,NA,NA,NA,NA,NA,NA
NA,"ATLANTA HARTSFIELD JACKSON INTERNATIONAL AIRPORT, GA US",1930,07,29,NA,NA,NA,NA,NA,NA,NA,NA,NA,NA,NA,95,75,NA,NA,NA,NA,NA,NA,NA,NA,NA,NA,NA,NA,NA
NA,"ATLANTA HARTSFIELD JACKSON INTERNATIONAL AIRPORT, GA US",1930,07,30,NA,NA,NA,NA,NA,NA,NA,NA,NA,NA,NA,95,73,NA,NA,NA,NA,NA,NA,NA,NA,NA,NA,NA,NA,NA
NA,"ATLANTA HARTSFIELD JACKSON INTERNATIONAL AIRPORT, GA US",1930,07,31,NA,NA,NA,NA,NA,NA,NA,NA,NA,NA,NA,93,72,NA,NA,NA,NA,NA,NA,NA,NA,NA,NA,NA,NA,NA
NA,"ATLANTA HARTSFIELD JACKSON INTERNATIONAL AIRPORT, GA US",1930,08,01,NA,NA,NA,NA,NA,NA,NA,NA,NA,NA,NA,89,71,NA,NA,NA,NA,NA,NA,NA,NA,NA,NA,NA,NA,NA
NA,"ATLANTA HARTSFIELD JACKSON INTERNATIONAL AIRPORT, GA US",1930,08,02,NA,NA,NA,NA,NA,NA,NA,NA,NA,NA,NA,88,69,NA,NA,NA,NA,NA,NA,NA,NA,NA,NA,NA,NA,NA
NA,"ATLANTA HARTSFIELD JACKSON INTERNATIONAL AIRPORT, GA US",1930,08,03,NA,NA,NA,NA,NA,NA,NA,NA,NA,NA,NA,89,73,NA,NA,NA,NA,NA,NA,NA,NA,NA,NA,NA,NA,NA
NA,"ATLANTA HARTSFIELD JACKSON INTERNATIONAL AIRPORT, GA US",1930,08,04,NA,NA,NA,NA,NA,NA,NA,NA,NA,NA,NA,91,72,NA,NA,NA,NA,NA,NA,NA,NA,NA,NA,NA,NA,NA
NA,"ATLANTA HARTSFIELD JACKSON INTERNATIONAL AIRPORT, GA US",1930,08,05,NA,NA,NA,NA,NA,NA,NA,NA,NA,NA,NA,95,73,NA,NA,NA,NA,NA,NA,NA,NA,NA,NA,NA,NA,NA
NA,"ATLANTA HARTSFIELD JACKSON INTERNATIONAL AIRPORT, GA US",1930,08,06,NA,NA,NA,NA,NA,NA,NA,NA,NA,NA,NA,98,76,NA,NA,NA,NA,NA,NA,NA,NA,NA,NA,NA,NA,NA
NA,"ATLANTA HARTSFIELD JACKSON INTERNATIONAL AIRPORT, GA US",1930,08,07,NA,NA,NA,NA,NA,NA,NA,NA,NA,NA,NA,96,77,NA,NA,NA,NA,NA,NA,NA,NA,NA,NA,NA,NA,NA
NA,"ATLANTA HARTSFIELD JACKSON INTERNATIONAL AIRPORT, GA US",1930,08,08,NA,NA,NA,NA,NA,NA,NA,NA,NA,NA,NA,95,74,NA,NA,NA,NA,NA,NA,NA,NA,NA,NA,NA,NA,NA
NA,"ATLANTA HARTSFIELD JACKSON INTERNATIONAL AIRPORT, GA US",1930,08,09,NA,NA,NA,NA,NA,NA,NA,NA,NA,NA,NA,92,70,NA,NA,NA,NA,NA,NA,NA,NA,NA,NA,NA,NA,NA
NA,"ATLANTA HARTSFIELD JACKSON INTERNATIONAL AIRPORT, GA US",1930,08,10,NA,NA,NA,NA,NA,NA,NA,NA,NA,NA,NA,90,72,NA,NA,NA,NA,NA,NA,NA,NA,NA,NA,NA,NA,NA
NA,"ATLANTA HARTSFIELD JACKSON INTERNATIONAL AIRPORT, GA US",1930,08,11,NA,NA,NA,NA,NA,NA,NA,NA,NA,NA,NA,87,72,NA,NA,NA,NA,NA,NA,NA,NA,NA,NA,NA,NA,NA
NA,"ATLANTA HARTSFIELD JACKSON INTERNATIONAL AIRPORT, GA US",1930,08,12,NA,NA,NA,NA,NA,NA,NA,NA,NA,NA,NA,87,71,NA,NA,NA,NA,NA,NA,NA,NA,NA,NA,NA,NA,NA
NA,"ATLANTA HARTSFIELD JACKSON INTERNATIONAL AIRPORT, GA US",1930,08,13,NA,NA,NA,NA,NA,NA,NA,NA,NA,NA,NA,84,69,NA,NA,NA,NA,NA,NA,NA,NA,NA,NA,NA,NA,NA
NA,"ATLANTA HARTSFIELD JACKSON INTERNATIONAL AIRPORT, GA US",1930,08,14,NA,NA,NA,NA,NA,NA,NA,NA,NA,NA,NA,78,68,NA,NA,NA,NA,NA,NA,NA,NA,NA,NA,NA,NA,NA
NA,"ATLANTA HARTSFIELD JACKSON INTERNATIONAL AIRPORT, GA US",1930,08,15,NA,NA,NA,NA,NA,NA,NA,NA,NA,NA,NA,86,69,NA,NA,NA,NA,NA,NA,NA,NA,NA,NA,NA,NA,NA
NA,"ATLANTA HARTSFIELD JACKSON INTERNATIONAL AIRPORT, GA US",1930,08,16,NA,NA,NA,NA,NA,NA,NA,NA,NA,NA,NA,91,70,NA,NA,NA,NA,NA,NA,NA,NA,NA,NA,NA,NA,NA
NA,"ATLANTA HARTSFIELD JACKSON INTERNATIONAL AIRPORT, GA US",1930,08,17,NA,NA,NA,NA,NA,NA,NA,NA,NA,NA,NA,91,73,NA,NA,NA,NA,NA,NA,NA,NA,NA,NA,NA,NA,NA
NA,"ATLANTA HARTSFIELD JACKSON INTERNATIONAL AIRPORT, GA US",1930,08,18,NA,NA,NA,NA,NA,NA,NA,NA,NA,NA,NA,85,70,NA,NA,NA,NA,NA,NA,NA,NA,NA,NA,NA,NA,NA
NA,"ATLANTA HARTSFIELD JACKSON INTERNATIONAL AIRPORT, GA US",1930,08,19,NA,NA,NA,NA,NA,NA,NA,NA,NA,NA,NA,84,71,NA,NA,NA,NA,NA,NA,NA,NA,NA,NA,NA,NA,NA
NA,"ATLANTA HARTSFIELD JACKSON INTERNATIONAL AIRPORT, GA US",1930,08,20,NA,NA,NA,NA,NA,NA,NA,NA,NA,NA,NA,84,71,NA,NA,NA,NA,NA,NA,NA,NA,NA,NA,NA,NA,NA
NA,"ATLANTA HARTSFIELD JACKSON INTERNATIONAL AIRPORT, GA US",1930,08,21,NA,NA,NA,NA,NA,NA,NA,NA,NA,NA,NA,81,60,NA,NA,NA,NA,NA,NA,NA,NA,NA,NA,NA,NA,NA
NA,"ATLANTA HARTSFIELD JACKSON INTERNATIONAL AIRPORT, GA US",1930,08,22,NA,NA,NA,NA,NA,NA,NA,NA,NA,NA,NA,76,57,NA,NA,NA,NA,NA,NA,NA,NA,NA,NA,NA,NA,NA
NA,"ATLANTA HARTSFIELD JACKSON INTERNATIONAL AIRPORT, GA US",1930,08,23,NA,NA,NA,NA,NA,NA,NA,NA,NA,NA,NA,77,59,NA,NA,NA,NA,NA,NA,NA,NA,NA,NA,NA,NA,NA
NA,"ATLANTA HARTSFIELD JACKSON INTERNATIONAL AIRPORT, GA US",1930,08,24,NA,NA,NA,NA,NA,NA,NA,NA,NA,NA,NA,84,66,NA,NA,NA,NA,NA,NA,NA,NA,NA,NA,NA,NA,NA
NA,"ATLANTA HARTSFIELD JACKSON INTERNATIONAL AIRPORT, GA US",1930,08,25,NA,NA,NA,NA,NA,NA,NA,NA,NA,NA,NA,87,66,NA,NA,NA,NA,NA,NA,NA,NA,NA,NA,NA,NA,NA
NA,"ATLANTA HARTSFIELD JACKSON INTERNATIONAL AIRPORT, GA US",1930,08,26,NA,NA,NA,NA,NA,NA,NA,NA,NA,NA,NA,89,70,NA,NA,NA,NA,NA,NA,NA,NA,NA,NA,NA,NA,NA
NA,"ATLANTA HARTSFIELD JACKSON INTERNATIONAL AIRPORT, GA US",1930,08,27,NA,NA,NA,NA,NA,NA,NA,NA,NA,NA,NA,87,68,NA,NA,NA,NA,NA,NA,NA,NA,NA,NA,NA,NA,NA
NA,"ATLANTA HARTSFIELD JACKSON INTERNATIONAL AIRPORT, GA US",1930,08,28,NA,NA,NA,NA,NA,NA,NA,NA,NA,NA,NA,90,71,NA,NA,NA,NA,NA,NA,NA,NA,NA,NA,NA,NA,NA
NA,"ATLANTA HARTSFIELD JACKSON INTERNATIONAL AIRPORT, GA US",1930,08,29,NA,NA,NA,NA,NA,NA,NA,NA,NA,NA,NA,93,72,NA,NA,NA,NA,NA,NA,NA,NA,NA,NA,NA,NA,NA
NA,"ATLANTA HARTSFIELD JACKSON INTERNATIONAL AIRPORT, GA US",1930,08,30,NA,NA,NA,NA,NA,NA,NA,NA,NA,NA,NA,89,73,NA,NA,NA,NA,NA,NA,NA,NA,NA,NA,NA,NA,NA
NA,"ATLANTA HARTSFIELD JACKSON INTERNATIONAL AIRPORT, GA US",1930,08,31,NA,NA,NA,NA,NA,NA,NA,NA,NA,NA,NA,90,73,NA,NA,NA,NA,NA,NA,NA,NA,NA,NA,NA,NA,NA
NA,"ATLANTA HARTSFIELD JACKSON INTERNATIONAL AIRPORT, GA US",1930,09,01,NA,NA,NA,NA,NA,NA,NA,NA,NA,NA,NA,92,72,NA,NA,NA,NA,NA,NA,NA,NA,NA,NA,NA,NA,NA
NA,"ATLANTA HARTSFIELD JACKSON INTERNATIONAL AIRPORT, GA US",1930,09,02,NA,NA,NA,NA,NA,NA,NA,NA,NA,NA,NA,91,72,NA,NA,NA,NA,NA,NA,NA,NA,NA,NA,NA,NA,NA
NA,"ATLANTA HARTSFIELD JACKSON INTERNATIONAL AIRPORT, GA US",1930,09,03,NA,NA,NA,NA,NA,NA,NA,NA,NA,NA,NA,91,72,NA,NA,NA,NA,NA,NA,NA,NA,NA,NA,NA,NA,NA
NA,"ATLANTA HARTSFIELD JACKSON INTERNATIONAL AIRPORT, GA US",1930,09,04,NA,NA,NA,NA,NA,NA,NA,NA,NA,NA,NA,89,68,NA,NA,NA,NA,NA,NA,NA,NA,NA,NA,NA,NA,NA
NA,"ATLANTA HARTSFIELD JACKSON INTERNATIONAL AIRPORT, GA US",1930,09,05,NA,NA,NA,NA,NA,NA,NA,NA,NA,NA,NA,88,69,NA,NA,NA,NA,NA,NA,NA,NA,NA,NA,NA,NA,NA
NA,"ATLANTA HARTSFIELD JACKSON INTERNATIONAL AIRPORT, GA US",1930,09,06,NA,NA,NA,NA,NA,NA,NA,NA,NA,NA,NA,88,68,NA,NA,NA,NA,NA,NA,NA,NA,NA,NA,NA,NA,NA
NA,"ATLANTA HARTSFIELD JACKSON INTERNATIONAL AIRPORT, GA US",1930,09,07,NA,NA,NA,NA,NA,NA,NA,NA,NA,NA,NA,90,71,NA,NA,NA,NA,NA,NA,NA,NA,NA,NA,NA,NA,NA
NA,"ATLANTA HARTSFIELD JACKSON INTERNATIONAL AIRPORT, GA US",1930,09,08,NA,NA,NA,NA,NA,NA,NA,NA,NA,NA,NA,92,73,NA,NA,NA,NA,NA,NA,NA,NA,NA,NA,NA,NA,NA
NA,"ATLANTA HARTSFIELD JACKSON INTERNATIONAL AIRPORT, GA US",1930,09,09,NA,NA,NA,NA,NA,NA,NA,NA,NA,NA,NA,91,72,NA,NA,NA,NA,NA,NA,NA,NA,NA,NA,NA,NA,NA
NA,"ATLANTA HARTSFIELD JACKSON INTERNATIONAL AIRPORT, GA US",1930,09,10,NA,NA,NA,NA,NA,NA,NA,NA,NA,NA,NA,80,71,NA,NA,NA,NA,NA,NA,NA,NA,NA,NA,NA,NA,NA
NA,"ATLANTA HARTSFIELD JACKSON INTERNATIONAL AIRPORT, GA US",1930,09,11,NA,NA,NA,NA,NA,NA,NA,NA,NA,NA,NA,80,71,NA,NA,NA,NA,NA,NA,NA,NA,NA,NA,NA,NA,NA
NA,"ATLANTA HARTSFIELD JACKSON INTERNATIONAL AIRPORT, GA US",1930,09,12,NA,NA,NA,NA,NA,NA,NA,NA,NA,NA,NA,84,70,NA,NA,NA,NA,NA,NA,NA,NA,NA,NA,NA,NA,NA
NA,"ATLANTA HARTSFIELD JACKSON INTERNATIONAL AIRPORT, GA US",1930,09,13,NA,NA,NA,NA,NA,NA,NA,NA,NA,NA,NA,84,68,NA,NA,NA,NA,NA,NA,NA,NA,NA,NA,NA,NA,NA
NA,"ATLANTA HARTSFIELD JACKSON INTERNATIONAL AIRPORT, GA US",1930,09,14,NA,NA,NA,NA,NA,NA,NA,NA,NA,NA,NA,88,70,NA,NA,NA,NA,NA,NA,NA,NA,NA,NA,NA,NA,NA
NA,"ATLANTA HARTSFIELD JACKSON INTERNATIONAL AIRPORT, GA US",1930,09,15,NA,NA,NA,NA,NA,NA,NA,NA,NA,NA,NA,79,68,NA,NA,NA,NA,NA,NA,NA,NA,NA,NA,NA,NA,NA
NA,"ATLANTA HARTSFIELD JACKSON INTERNATIONAL AIRPORT, GA US",1930,09,16,NA,NA,NA,NA,NA,NA,NA,NA,NA,NA,NA,73,65,NA,NA,NA,NA,NA,NA,NA,NA,NA,NA,NA,NA,NA
NA,"ATLANTA HARTSFIELD JACKSON INTERNATIONAL AIRPORT, GA US",1930,09,17,NA,NA,NA,NA,NA,NA,NA,NA,NA,NA,NA,80,65,NA,NA,NA,NA,NA,NA,NA,NA,NA,NA,NA,NA,NA
NA,"ATLANTA HARTSFIELD JACKSON INTERNATIONAL AIRPORT, GA US",1930,09,18,NA,NA,NA,NA,NA,NA,NA,NA,NA,NA,NA,75,65,NA,NA,NA,NA,NA,NA,NA,NA,NA,NA,NA,NA,NA
NA,"ATLANTA HARTSFIELD JACKSON INTERNATIONAL AIRPORT, GA US",1930,09,19,NA,NA,NA,NA,NA,NA,NA,NA,NA,NA,NA,78,65,NA,NA,NA,NA,NA,NA,NA,NA,NA,NA,NA,NA,NA
NA,"ATLANTA HARTSFIELD JACKSON INTERNATIONAL AIRPORT, GA US",1930,09,20,NA,NA,NA,NA,NA,NA,NA,NA,NA,NA,NA,72,66,NA,NA,NA,NA,NA,NA,NA,NA,NA,NA,NA,NA,NA
NA,"ATLANTA HARTSFIELD JACKSON INTERNATIONAL AIRPORT, GA US",1930,09,21,NA,NA,NA,NA,NA,NA,NA,NA,NA,NA,NA,81,66,NA,NA,NA,NA,NA,NA,NA,NA,NA,NA,NA,NA,NA
NA,"ATLANTA HARTSFIELD JACKSON INTERNATIONAL AIRPORT, GA US",1930,09,22,NA,NA,NA,NA,NA,NA,NA,NA,NA,NA,NA,87,71,NA,NA,NA,NA,NA,NA,NA,NA,NA,NA,NA,NA,NA
NA,"ATLANTA HARTSFIELD JACKSON INTERNATIONAL AIRPORT, GA US",1930,09,23,NA,NA,NA,NA,NA,NA,NA,NA,NA,NA,NA,86,73,NA,NA,NA,NA,NA,NA,NA,NA,NA,NA,NA,NA,NA
NA,"ATLANTA HARTSFIELD JACKSON INTERNATIONAL AIRPORT, GA US",1930,09,24,NA,NA,NA,NA,NA,NA,NA,NA,NA,NA,NA,87,72,NA,NA,NA,NA,NA,NA,NA,NA,NA,NA,NA,NA,NA
NA,"ATLANTA HARTSFIELD JACKSON INTERNATIONAL AIRPORT, GA US",1930,09,25,NA,NA,NA,NA,NA,NA,NA,NA,NA,NA,NA,87,72,NA,NA,NA,NA,NA,NA,NA,NA,NA,NA,NA,NA,NA
NA,"ATLANTA HARTSFIELD JACKSON INTERNATIONAL AIRPORT, GA US",1930,09,26,NA,NA,NA,NA,NA,NA,NA,NA,NA,NA,NA,83,67,NA,NA,NA,NA,NA,NA,NA,NA,NA,NA,NA,NA,NA
NA,"ATLANTA HARTSFIELD JACKSON INTERNATIONAL AIRPORT, GA US",1930,09,27,NA,NA,NA,NA,NA,NA,NA,NA,NA,NA,NA,73,57,NA,NA,NA,NA,NA,NA,NA,NA,NA,NA,NA,NA,NA
NA,"ATLANTA HARTSFIELD JACKSON INTERNATIONAL AIRPORT, GA US",1930,09,28,NA,NA,NA,NA,NA,NA,NA,NA,NA,NA,NA,82,56,NA,NA,NA,NA,NA,NA,NA,NA,NA,NA,NA,NA,NA
NA,"ATLANTA HARTSFIELD JACKSON INTERNATIONAL AIRPORT, GA US",1930,09,29,NA,NA,NA,NA,NA,NA,NA,NA,NA,NA,NA,69,62,NA,NA,NA,NA,NA,NA,NA,NA,NA,NA,NA,NA,NA
NA,"ATLANTA HARTSFIELD JACKSON INTERNATIONAL AIRPORT, GA US",1930,09,30,NA,NA,NA,NA,NA,NA,NA,NA,NA,NA,NA,81,59,NA,NA,NA,NA,NA,NA,NA,NA,NA,NA,NA,NA,NA
NA,"ATLANTA HARTSFIELD JACKSON INTERNATIONAL AIRPORT, GA US",1930,10,01,NA,NA,NA,NA,NA,NA,NA,NA,NA,NA,NA,76,56,NA,NA,NA,NA,NA,NA,NA,NA,NA,NA,NA,NA,NA
NA,"ATLANTA HARTSFIELD JACKSON INTERNATIONAL AIRPORT, GA US",1930,10,02,NA,NA,NA,NA,NA,NA,NA,NA,NA,NA,NA,70,52,NA,NA,NA,NA,NA,NA,NA,NA,NA,NA,NA,NA,NA
NA,"ATLANTA HARTSFIELD JACKSON INTERNATIONAL AIRPORT, GA US",1930,10,03,NA,NA,NA,NA,NA,NA,NA,NA,NA,NA,NA,76,55,NA,NA,NA,NA,NA,NA,NA,NA,NA,NA,NA,NA,NA
NA,"ATLANTA HARTSFIELD JACKSON INTERNATIONAL AIRPORT, GA US",1930,10,04,NA,NA,NA,NA,NA,NA,NA,NA,NA,NA,NA,78,59,NA,NA,NA,NA,NA,NA,NA,NA,NA,NA,NA,NA,NA
NA,"ATLANTA HARTSFIELD JACKSON INTERNATIONAL AIRPORT, GA US",1930,10,05,NA,NA,NA,NA,NA,NA,NA,NA,NA,NA,NA,76,60,NA,NA,NA,NA,NA,NA,NA,NA,NA,NA,NA,NA,NA
NA,"ATLANTA HARTSFIELD JACKSON INTERNATIONAL AIRPORT, GA US",1930,10,06,NA,NA,NA,NA,NA,NA,NA,NA,NA,NA,NA,73,57,NA,NA,NA,NA,NA,NA,NA,NA,NA,NA,NA,NA,NA
NA,"ATLANTA HARTSFIELD JACKSON INTERNATIONAL AIRPORT, GA US",1930,10,07,NA,NA,NA,NA,NA,NA,NA,NA,NA,NA,NA,73,57,NA,NA,NA,NA,NA,NA,NA,NA,NA,NA,NA,NA,NA
NA,"ATLANTA HARTSFIELD JACKSON INTERNATIONAL AIRPORT, GA US",1930,10,08,NA,NA,NA,NA,NA,NA,NA,NA,NA,NA,NA,66,62,NA,NA,NA,NA,NA,NA,NA,NA,NA,NA,NA,NA,NA
NA,"ATLANTA HARTSFIELD JACKSON INTERNATIONAL AIRPORT, GA US",1930,10,09,NA,NA,NA,NA,NA,NA,NA,NA,NA,NA,NA,67,63,NA,NA,NA,NA,NA,NA,NA,NA,NA,NA,NA,NA,NA
NA,"ATLANTA HARTSFIELD JACKSON INTERNATIONAL AIRPORT, GA US",1930,10,10,NA,NA,NA,NA,NA,NA,NA,NA,NA,NA,NA,78,65,NA,NA,NA,NA,NA,NA,NA,NA,NA,NA,NA,NA,NA
NA,"ATLANTA HARTSFIELD JACKSON INTERNATIONAL AIRPORT, GA US",1930,10,11,NA,NA,NA,NA,NA,NA,NA,NA,NA,NA,NA,77,62,NA,NA,NA,NA,NA,NA,NA,NA,NA,NA,NA,NA,NA
NA,"ATLANTA HARTSFIELD JACKSON INTERNATIONAL AIRPORT, GA US",1930,10,12,NA,NA,NA,NA,NA,NA,NA,NA,NA,NA,NA,75,59,NA,NA,NA,NA,NA,NA,NA,NA,NA,NA,NA,NA,NA
NA,"ATLANTA HARTSFIELD JACKSON INTERNATIONAL AIRPORT, GA US",1930,10,13,NA,NA,NA,NA,NA,NA,NA,NA,NA,NA,NA,77,58,NA,NA,NA,NA,NA,NA,NA,NA,NA,NA,NA,NA,NA
NA,"ATLANTA HARTSFIELD JACKSON INTERNATIONAL AIRPORT, GA US",1930,10,14,NA,NA,NA,NA,NA,NA,NA,NA,NA,NA,NA,76,59,NA,NA,NA,NA,NA,NA,NA,NA,NA,NA,NA,NA,NA
NA,"ATLANTA HARTSFIELD JACKSON INTERNATIONAL AIRPORT, GA US",1930,10,15,NA,NA,NA,NA,NA,NA,NA,NA,NA,NA,NA,78,61,NA,NA,NA,NA,NA,NA,NA,NA,NA,NA,NA,NA,NA
NA,"ATLANTA HARTSFIELD JACKSON INTERNATIONAL AIRPORT, GA US",1930,10,16,NA,NA,NA,NA,NA,NA,NA,NA,NA,NA,NA,79,61,NA,NA,NA,NA,NA,NA,NA,NA,NA,NA,NA,NA,NA
NA,"ATLANTA HARTSFIELD JACKSON INTERNATIONAL AIRPORT, GA US",1930,10,17,NA,NA,NA,NA,NA,NA,NA,NA,NA,NA,NA,76,50,NA,NA,NA,NA,NA,NA,NA,NA,NA,NA,NA,NA,NA
NA,"ATLANTA HARTSFIELD JACKSON INTERNATIONAL AIRPORT, GA US",1930,10,18,NA,NA,NA,NA,NA,NA,NA,NA,NA,NA,NA,58,44,NA,NA,NA,NA,NA,NA,NA,NA,NA,NA,NA,NA,NA
NA,"ATLANTA HARTSFIELD JACKSON INTERNATIONAL AIRPORT, GA US",1930,10,19,NA,NA,NA,NA,NA,NA,NA,NA,NA,NA,NA,65,41,NA,NA,NA,NA,NA,NA,NA,NA,NA,NA,NA,NA,NA
NA,"ATLANTA HARTSFIELD JACKSON INTERNATIONAL AIRPORT, GA US",1930,10,20,NA,NA,NA,NA,NA,NA,NA,NA,NA,NA,NA,63,45,NA,NA,NA,NA,NA,NA,NA,NA,NA,NA,NA,NA,NA
NA,"ATLANTA HARTSFIELD JACKSON INTERNATIONAL AIRPORT, GA US",1930,10,21,NA,NA,NA,NA,NA,NA,NA,NA,NA,NA,NA,60,40,NA,NA,NA,NA,NA,NA,NA,NA,NA,NA,NA,NA,NA
NA,"ATLANTA HARTSFIELD JACKSON INTERNATIONAL AIRPORT, GA US",1930,10,22,NA,NA,NA,NA,NA,NA,NA,NA,NA,NA,NA,60,42,NA,NA,NA,NA,NA,NA,NA,NA,NA,NA,NA,NA,NA
NA,"ATLANTA HARTSFIELD JACKSON INTERNATIONAL AIRPORT, GA US",1930,10,23,NA,NA,NA,NA,NA,NA,NA,NA,NA,NA,NA,63,47,NA,NA,NA,NA,NA,NA,NA,NA,NA,NA,NA,NA,NA
NA,"ATLANTA HARTSFIELD JACKSON INTERNATIONAL AIRPORT, GA US",1930,10,24,NA,NA,NA,NA,NA,NA,NA,NA,NA,NA,NA,56,46,NA,NA,NA,NA,NA,NA,NA,NA,NA,NA,NA,NA,NA
NA,"ATLANTA HARTSFIELD JACKSON INTERNATIONAL AIRPORT, GA US",1930,10,25,NA,NA,NA,NA,NA,NA,NA,NA,NA,NA,NA,61,38,NA,NA,NA,NA,NA,NA,NA,NA,NA,NA,NA,NA,NA
NA,"ATLANTA HARTSFIELD JACKSON INTERNATIONAL AIRPORT, GA US",1930,10,26,NA,NA,NA,NA,NA,NA,NA,NA,NA,NA,NA,67,41,NA,NA,NA,NA,NA,NA,NA,NA,NA,NA,NA,NA,NA
NA,"ATLANTA HARTSFIELD JACKSON INTERNATIONAL AIRPORT, GA US",1930,10,27,NA,NA,NA,NA,NA,NA,NA,NA,NA,NA,NA,71,48,NA,NA,NA,NA,NA,NA,NA,NA,NA,NA,NA,NA,NA
NA,"ATLANTA HARTSFIELD JACKSON INTERNATIONAL AIRPORT, GA US",1930,10,28,NA,NA,NA,NA,NA,NA,NA,NA,NA,NA,NA,64,60,NA,NA,NA,NA,NA,NA,NA,NA,NA,NA,NA,NA,NA
NA,"ATLANTA HARTSFIELD JACKSON INTERNATIONAL AIRPORT, GA US",1930,10,29,NA,NA,NA,NA,NA,NA,NA,NA,NA,NA,NA,61,46,NA,NA,NA,NA,NA,NA,NA,NA,NA,NA,NA,NA,NA
NA,"ATLANTA HARTSFIELD JACKSON INTERNATIONAL AIRPORT, GA US",1930,10,30,NA,NA,NA,NA,NA,NA,NA,NA,NA,NA,NA,56,39,NA,NA,NA,NA,NA,NA,NA,NA,NA,NA,NA,NA,NA
NA,"ATLANTA HARTSFIELD JACKSON INTERNATIONAL AIRPORT, GA US",1930,10,31,NA,NA,NA,NA,NA,NA,NA,NA,NA,NA,NA,42,32,NA,NA,NA,NA,NA,NA,NA,NA,NA,NA,NA,NA,NA
NA,"ATLANTA HARTSFIELD JACKSON INTERNATIONAL AIRPORT, GA US",1930,11,01,NA,NA,NA,NA,NA,NA,NA,NA,NA,NA,NA,53,31,NA,NA,NA,NA,NA,NA,NA,NA,NA,NA,NA,NA,NA
NA,"ATLANTA HARTSFIELD JACKSON INTERNATIONAL AIRPORT, GA US",1930,11,02,NA,NA,NA,NA,NA,NA,NA,NA,NA,NA,NA,55,34,NA,NA,NA,NA,NA,NA,NA,NA,NA,NA,NA,NA,NA
NA,"ATLANTA HARTSFIELD JACKSON INTERNATIONAL AIRPORT, GA US",1930,11,03,NA,NA,NA,NA,NA,NA,NA,NA,NA,NA,NA,52,37,NA,NA,NA,NA,NA,NA,NA,NA,NA,NA,NA,NA,NA
NA,"ATLANTA HARTSFIELD JACKSON INTERNATIONAL AIRPORT, GA US",1930,11,04,NA,NA,NA,NA,NA,NA,NA,NA,NA,NA,NA,50,36,NA,NA,NA,NA,NA,NA,NA,NA,NA,NA,NA,NA,NA
NA,"ATLANTA HARTSFIELD JACKSON INTERNATIONAL AIRPORT, GA US",1930,11,05,NA,NA,NA,NA,NA,NA,NA,NA,NA,NA,NA,60,43,NA,NA,NA,NA,NA,NA,NA,NA,NA,NA,NA,NA,NA
NA,"ATLANTA HARTSFIELD JACKSON INTERNATIONAL AIRPORT, GA US",1930,11,06,NA,NA,NA,NA,NA,NA,NA,NA,NA,NA,NA,57,38,NA,NA,NA,NA,NA,NA,NA,NA,NA,NA,NA,NA,NA
NA,"ATLANTA HARTSFIELD JACKSON INTERNATIONAL AIRPORT, GA US",1930,11,07,NA,NA,NA,NA,NA,NA,NA,NA,NA,NA,NA,53,38,NA,NA,NA,NA,NA,NA,NA,NA,NA,NA,NA,NA,NA
NA,"ATLANTA HARTSFIELD JACKSON INTERNATIONAL AIRPORT, GA US",1930,11,08,NA,NA,NA,NA,NA,NA,NA,NA,NA,NA,NA,60,34,NA,NA,NA,NA,NA,NA,NA,NA,NA,NA,NA,NA,NA
NA,"ATLANTA HARTSFIELD JACKSON INTERNATIONAL AIRPORT, GA US",1930,11,09,NA,NA,NA,NA,NA,NA,NA,NA,NA,NA,NA,67,47,NA,NA,NA,NA,NA,NA,NA,NA,NA,NA,NA,NA,NA
NA,"ATLANTA HARTSFIELD JACKSON INTERNATIONAL AIRPORT, GA US",1930,11,10,NA,NA,NA,NA,NA,NA,NA,NA,NA,NA,NA,60,53,NA,NA,NA,NA,NA,NA,NA,NA,NA,NA,NA,NA,NA
NA,"ATLANTA HARTSFIELD JACKSON INTERNATIONAL AIRPORT, GA US",1930,11,11,NA,NA,NA,NA,NA,NA,NA,NA,NA,NA,NA,55,48,NA,NA,NA,NA,NA,NA,NA,NA,NA,NA,NA,NA,NA
NA,"ATLANTA HARTSFIELD JACKSON INTERNATIONAL AIRPORT, GA US",1930,11,12,NA,NA,NA,NA,NA,NA,NA,NA,NA,NA,NA,52,48,NA,NA,NA,NA,NA,NA,NA,NA,NA,NA,NA,NA,NA
NA,"ATLANTA HARTSFIELD JACKSON INTERNATIONAL AIRPORT, GA US",1930,11,13,NA,NA,NA,NA,NA,NA,NA,NA,NA,NA,NA,57,52,NA,NA,NA,NA,NA,NA,NA,NA,NA,NA,NA,NA,NA
NA,"ATLANTA HARTSFIELD JACKSON INTERNATIONAL AIRPORT, GA US",1930,11,14,NA,NA,NA,NA,NA,NA,NA,NA,NA,NA,NA,58,56,NA,NA,NA,NA,NA,NA,NA,NA,NA,NA,NA,NA,NA
NA,"ATLANTA HARTSFIELD JACKSON INTERNATIONAL AIRPORT, GA US",1930,11,15,NA,NA,NA,NA,NA,NA,NA,NA,NA,NA,NA,61,56,NA,NA,NA,NA,NA,NA,NA,NA,NA,NA,NA,NA,NA
NA,"ATLANTA HARTSFIELD JACKSON INTERNATIONAL AIRPORT, GA US",1930,11,16,NA,NA,NA,NA,NA,NA,NA,NA,NA,NA,NA,66,61,NA,NA,NA,NA,NA,NA,NA,NA,NA,NA,NA,NA,NA
NA,"ATLANTA HARTSFIELD JACKSON INTERNATIONAL AIRPORT, GA US",1930,11,17,NA,NA,NA,NA,NA,NA,NA,NA,NA,NA,NA,67,63,NA,NA,NA,NA,NA,NA,NA,NA,NA,NA,NA,NA,NA
NA,"ATLANTA HARTSFIELD JACKSON INTERNATIONAL AIRPORT, GA US",1930,11,18,NA,NA,NA,NA,NA,NA,NA,NA,NA,NA,NA,76,63,NA,NA,NA,NA,NA,NA,NA,NA,NA,NA,NA,NA,NA
NA,"ATLANTA HARTSFIELD JACKSON INTERNATIONAL AIRPORT, GA US",1930,11,19,NA,NA,NA,NA,NA,NA,NA,NA,NA,NA,NA,65,56,NA,NA,NA,NA,NA,NA,NA,NA,NA,NA,NA,NA,NA
NA,"ATLANTA HARTSFIELD JACKSON INTERNATIONAL AIRPORT, GA US",1930,11,20,NA,NA,NA,NA,NA,NA,NA,NA,NA,NA,NA,56,50,NA,NA,NA,NA,NA,NA,NA,NA,NA,NA,NA,NA,NA
NA,"ATLANTA HARTSFIELD JACKSON INTERNATIONAL AIRPORT, GA US",1930,11,21,NA,NA,NA,NA,NA,NA,NA,NA,NA,NA,NA,54,48,NA,NA,NA,NA,NA,NA,NA,NA,NA,NA,NA,NA,NA
NA,"ATLANTA HARTSFIELD JACKSON INTERNATIONAL AIRPORT, GA US",1930,11,22,NA,NA,NA,NA,NA,NA,NA,NA,NA,NA,NA,59,46,NA,NA,NA,NA,NA,NA,NA,NA,NA,NA,NA,NA,NA
NA,"ATLANTA HARTSFIELD JACKSON INTERNATIONAL AIRPORT, GA US",1930,11,23,NA,NA,NA,NA,NA,NA,NA,NA,NA,NA,NA,57,39,NA,NA,NA,NA,NA,NA,NA,NA,NA,NA,NA,NA,NA
NA,"ATLANTA HARTSFIELD JACKSON INTERNATIONAL AIRPORT, GA US",1930,11,24,NA,NA,NA,NA,NA,NA,NA,NA,NA,NA,NA,54,33,NA,NA,NA,NA,NA,NA,NA,NA,NA,NA,NA,NA,NA
NA,"ATLANTA HARTSFIELD JACKSON INTERNATIONAL AIRPORT, GA US",1930,11,25,NA,NA,NA,NA,NA,NA,NA,NA,NA,NA,NA,42,30,NA,NA,NA,NA,NA,NA,NA,NA,NA,NA,NA,NA,NA
NA,"ATLANTA HARTSFIELD JACKSON INTERNATIONAL AIRPORT, GA US",1930,11,26,NA,NA,NA,NA,NA,NA,NA,NA,NA,NA,NA,41,27,NA,NA,NA,NA,NA,NA,NA,NA,NA,NA,NA,NA,NA
NA,"ATLANTA HARTSFIELD JACKSON INTERNATIONAL AIRPORT, GA US",1930,11,27,NA,NA,NA,NA,NA,NA,NA,NA,NA,NA,NA,41,23,NA,NA,NA,NA,NA,NA,NA,NA,NA,NA,NA,NA,NA
NA,"ATLANTA HARTSFIELD JACKSON INTERNATIONAL AIRPORT, GA US",1930,11,28,NA,NA,NA,NA,NA,NA,NA,NA,NA,NA,NA,45,28,NA,NA,NA,NA,NA,NA,NA,NA,NA,NA,NA,NA,NA
NA,"ATLANTA HARTSFIELD JACKSON INTERNATIONAL AIRPORT, GA US",1930,11,29,NA,NA,NA,NA,NA,NA,NA,NA,NA,NA,NA,51,32,NA,NA,NA,NA,NA,NA,NA,NA,NA,NA,NA,NA,NA
NA,"ATLANTA HARTSFIELD JACKSON INTERNATIONAL AIRPORT, GA US",1930,11,30,NA,NA,NA,NA,NA,NA,NA,NA,NA,NA,NA,56,45,NA,NA,NA,NA,NA,NA,NA,NA,NA,NA,NA,NA,NA
NA,"ATLANTA HARTSFIELD JACKSON INTERNATIONAL AIRPORT, GA US",1930,12,01,NA,NA,NA,NA,NA,NA,NA,NA,NA,NA,NA,53,39,NA,NA,NA,NA,NA,NA,NA,NA,NA,NA,NA,NA,NA
NA,"ATLANTA HARTSFIELD JACKSON INTERNATIONAL AIRPORT, GA US",1930,12,02,NA,NA,NA,NA,NA,NA,NA,NA,NA,NA,NA,48,30,NA,NA,NA,NA,NA,NA,NA,NA,NA,NA,NA,NA,NA
NA,"ATLANTA HARTSFIELD JACKSON INTERNATIONAL AIRPORT, GA US",1930,12,03,NA,NA,NA,NA,NA,NA,NA,NA,NA,NA,NA,48,29,NA,NA,NA,NA,NA,NA,NA,NA,NA,NA,NA,NA,NA
NA,"ATLANTA HARTSFIELD JACKSON INTERNATIONAL AIRPORT, GA US",1930,12,04,NA,NA,NA,NA,NA,NA,NA,NA,NA,NA,NA,54,35,NA,NA,NA,NA,NA,NA,NA,NA,NA,NA,NA,NA,NA
NA,"ATLANTA HARTSFIELD JACKSON INTERNATIONAL AIRPORT, GA US",1930,12,05,NA,NA,NA,NA,NA,NA,NA,NA,NA,NA,NA,47,40,NA,NA,NA,NA,NA,NA,NA,NA,NA,NA,NA,NA,NA
NA,"ATLANTA HARTSFIELD JACKSON INTERNATIONAL AIRPORT, GA US",1930,12,06,NA,NA,NA,NA,NA,NA,NA,NA,NA,NA,NA,52,45,NA,NA,NA,NA,NA,NA,NA,NA,NA,NA,NA,NA,NA
NA,"ATLANTA HARTSFIELD JACKSON INTERNATIONAL AIRPORT, GA US",1930,12,07,NA,NA,NA,NA,NA,NA,NA,NA,NA,NA,NA,47,39,NA,NA,NA,NA,NA,NA,NA,NA,NA,NA,NA,NA,NA
NA,"ATLANTA HARTSFIELD JACKSON INTERNATIONAL AIRPORT, GA US",1930,12,08,NA,NA,NA,NA,NA,NA,NA,NA,NA,NA,NA,49,36,NA,NA,NA,NA,NA,NA,NA,NA,NA,NA,NA,NA,NA
NA,"ATLANTA HARTSFIELD JACKSON INTERNATIONAL AIRPORT, GA US",1930,12,09,NA,NA,NA,NA,NA,NA,NA,NA,NA,NA,NA,57,35,NA,NA,NA,NA,NA,NA,NA,NA,NA,NA,NA,NA,NA
NA,"ATLANTA HARTSFIELD JACKSON INTERNATIONAL AIRPORT, GA US",1930,12,10,NA,NA,NA,NA,NA,NA,NA,NA,NA,NA,NA,56,44,NA,NA,NA,NA,NA,NA,NA,NA,NA,NA,NA,NA,NA
NA,"ATLANTA HARTSFIELD JACKSON INTERNATIONAL AIRPORT, GA US",1930,12,11,NA,NA,NA,NA,NA,NA,NA,NA,NA,NA,NA,55,50,NA,NA,NA,NA,NA,NA,NA,NA,NA,NA,NA,NA,NA
NA,"ATLANTA HARTSFIELD JACKSON INTERNATIONAL AIRPORT, GA US",1930,12,12,NA,NA,NA,NA,NA,NA,NA,NA,NA,NA,NA,55,40,NA,NA,NA,NA,NA,NA,NA,NA,NA,NA,NA,NA,NA
NA,"ATLANTA HARTSFIELD JACKSON INTERNATIONAL AIRPORT, GA US",1930,12,13,NA,NA,NA,NA,NA,NA,NA,NA,NA,NA,NA,57,39,NA,NA,NA,NA,NA,NA,NA,NA,NA,NA,NA,NA,NA
NA,"ATLANTA HARTSFIELD JACKSON INTERNATIONAL AIRPORT, GA US",1930,12,14,NA,NA,NA,NA,NA,NA,NA,NA,NA,NA,NA,49,36,NA,NA,NA,NA,NA,NA,NA,NA,NA,NA,NA,NA,NA
NA,"ATLANTA HARTSFIELD JACKSON INTERNATIONAL AIRPORT, GA US",1930,12,15,NA,NA,NA,NA,NA,NA,NA,NA,NA,NA,NA,46,35,NA,NA,NA,NA,NA,NA,NA,NA,NA,NA,NA,NA,NA
NA,"ATLANTA HARTSFIELD JACKSON INTERNATIONAL AIRPORT, GA US",1930,12,16,NA,NA,NA,NA,NA,NA,NA,NA,NA,NA,NA,39,26,NA,NA,NA,NA,NA,NA,NA,NA,NA,NA,NA,NA,NA
NA,"ATLANTA HARTSFIELD JACKSON INTERNATIONAL AIRPORT, GA US",1930,12,17,NA,NA,NA,NA,NA,NA,NA,NA,NA,NA,NA,33,24,NA,NA,NA,NA,NA,NA,NA,NA,NA,NA,NA,NA,NA
NA,"ATLANTA HARTSFIELD JACKSON INTERNATIONAL AIRPORT, GA US",1930,12,18,NA,NA,NA,NA,NA,NA,NA,NA,NA,NA,NA,31,28,NA,NA,NA,NA,NA,NA,NA,NA,NA,NA,NA,NA,NA
NA,"ATLANTA HARTSFIELD JACKSON INTERNATIONAL AIRPORT, GA US",1930,12,19,NA,NA,NA,NA,NA,NA,NA,NA,NA,NA,NA,38,30,NA,NA,NA,NA,NA,NA,NA,NA,NA,NA,NA,NA,NA
NA,"ATLANTA HARTSFIELD JACKSON INTERNATIONAL AIRPORT, GA US",1930,12,20,NA,NA,NA,NA,NA,NA,NA,NA,NA,NA,NA,44,29,NA,NA,NA,NA,NA,NA,NA,NA,NA,NA,NA,NA,NA
NA,"ATLANTA HARTSFIELD JACKSON INTERNATIONAL AIRPORT, GA US",1930,12,21,NA,NA,NA,NA,NA,NA,NA,NA,NA,NA,NA,46,36,NA,NA,NA,NA,NA,NA,NA,NA,NA,NA,NA,NA,NA
NA,"ATLANTA HARTSFIELD JACKSON INTERNATIONAL AIRPORT, GA US",1930,12,22,NA,NA,NA,NA,NA,NA,NA,NA,NA,NA,NA,42,30,NA,NA,NA,NA,NA,NA,NA,NA,NA,NA,NA,NA,NA
NA,"ATLANTA HARTSFIELD JACKSON INTERNATIONAL AIRPORT, GA US",1930,12,23,NA,NA,NA,NA,NA,NA,NA,NA,NA,NA,NA,37,23,NA,NA,NA,NA,NA,NA,NA,NA,NA,NA,NA,NA,NA
NA,"ATLANTA HARTSFIELD JACKSON INTERNATIONAL AIRPORT, GA US",1930,12,24,NA,NA,NA,NA,NA,NA,NA,NA,NA,NA,NA,41,25,NA,NA,NA,NA,NA,NA,NA,NA,NA,NA,NA,NA,NA
NA,"ATLANTA HARTSFIELD JACKSON INTERNATIONAL AIRPORT, GA US",1930,12,25,NA,NA,NA,NA,NA,NA,NA,NA,NA,NA,NA,37,30,NA,NA,NA,NA,NA,NA,NA,NA,NA,NA,NA,NA,NA
NA,"ATLANTA HARTSFIELD JACKSON INTERNATIONAL AIRPORT, GA US",1930,12,26,NA,NA,NA,NA,NA,NA,NA,NA,NA,NA,NA,43,32,NA,NA,NA,NA,NA,NA,NA,NA,NA,NA,NA,NA,NA
NA,"ATLANTA HARTSFIELD JACKSON INTERNATIONAL AIRPORT, GA US",1930,12,27,NA,NA,NA,NA,NA,NA,NA,NA,NA,NA,NA,43,32,NA,NA,NA,NA,NA,NA,NA,NA,NA,NA,NA,NA,NA
NA,"ATLANTA HARTSFIELD JACKSON INTERNATIONAL AIRPORT, GA US",1930,12,28,NA,NA,NA,NA,NA,NA,NA,NA,NA,NA,NA,44,34,NA,NA,NA,NA,NA,NA,NA,NA,NA,NA,NA,NA,NA
NA,"ATLANTA HARTSFIELD JACKSON INTERNATIONAL AIRPORT, GA US",1930,12,29,NA,NA,NA,NA,NA,NA,NA,NA,NA,NA,NA,45,33,NA,NA,NA,NA,NA,NA,NA,NA,NA,NA,NA,NA,NA
NA,"ATLANTA HARTSFIELD JACKSON INTERNATIONAL AIRPORT, GA US",1930,12,30,NA,NA,NA,NA,NA,NA,NA,NA,NA,NA,NA,37,29,NA,NA,NA,NA,NA,NA,NA,NA,NA,NA,NA,NA,NA
NA,"ATLANTA HARTSFIELD JACKSON INTERNATIONAL AIRPORT, GA US",1930,12,31,NA,NA,NA,NA,NA,NA,NA,NA,NA,NA,NA,41,27,NA,NA,NA,NA,NA,NA,NA,NA,NA,NA,NA,NA,NA
